,期数,红球_1,红球_2,红球_3,红球_4,红球_5,红球_6,红球_7,红球_8,红球_9,红球_10,红球_11,红球_12,红球_13,红球_14,红球_15,红球_16,红球_17,红球_18,红球_19,红球_20
0,2025270,2,8,10,20,21,27,28,30,33,36,43,48,49,52,60,61,64,71,75,79
1,2025269,1,8,10,15,19,20,24,30,33,43,49,50,56,57,60,67,70,73,78,80
2,2025268,5,12,16,18,19,26,31,33,38,39,41,42,49,54,59,64,65,70,73,77
3,2025267,8,13,20,21,25,34,37,39,45,47,50,57,58,60,65,71,72,75,78,79
4,2025266,1,5,9,13,16,17,25,28,29,33,34,38,45,47,48,55,62,71,73,78
5,2025265,2,9,11,16,18,27,28,35,36,38,49,52,54,60,62,64,66,72,77,78
6,2025264,6,10,15,16,20,24,25,28,34,35,37,38,42,44,45,49,54,66,69,80
7,2025263,4,5,11,13,14,20,23,24,27,32,33,42,45,55,58,62,64,70,79,80
8,2025262,8,10,14,19,27,31,33,40,42,44,46,47,49,54,58,60,67,70,75,77
9,2025261,3,10,15,17,19,22,23,25,31,35,36,42,60,61,62,65,70,73,76,77
10,2025260,3,8,10,11,13,16,21,24,27,38,41,48,54,58,59,61,62,66,69,71
11,2025259,4,7,9,19,20,30,33,35,44,45,48,49,50,51,52,70,71,72,74,78
12,2025258,1,5,10,12,16,23,25,28,29,36,40,46,51,55,58,64,66,71,76,80
13,2025257,1,8,13,15,22,34,36,38,42,43,49,50,51,65,66,67,70,71,79,80
14,2025256,8,13,18,29,34,35,39,41,43,45,46,47,57,64,68,71,73,74,75,78
15,2025255,5,13,15,21,25,26,27,31,37,39,46,50,54,56,57,59,65,70,78,79
16,2025254,16,18,20,29,32,36,37,41,52,53,54,55,56,57,65,69,70,74,75,76
17,2025253,3,10,20,23,27,30,32,35,44,48,50,51,53,56,57,63,65,68,70,72
18,2025252,13,18,19,26,27,30,33,37,41,43,47,49,53,58,61,64,68,71,73,76
19,2025251,1,2,4,14,15,23,25,26,27,30,36,39,42,44,46,52,55,62,65,66
20,2025250,1,2,6,16,20,21,23,26,27,29,30,34,40,43,59,63,65,71,79,80
21,2025249,1,6,7,12,13,15,21,25,27,30,36,40,41,45,55,57,67,72,73,77
22,2025248,6,10,21,22,28,29,32,33,34,37,43,49,51,52,55,56,57,59,67,80
23,2025247,1,3,5,6,10,11,14,23,25,32,35,36,50,51,57,58,65,72,73,76
24,2025246,1,4,8,11,26,27,30,37,46,53,55,57,62,64,65,69,72,78,79,80
25,2025245,2,7,8,11,17,19,21,22,26,28,31,40,43,44,53,63,71,74,76,80
26,2025244,2,3,6,10,12,16,23,25,28,29,34,35,38,42,44,47,58,64,73,80
27,2025243,1,4,7,18,22,25,29,30,34,37,43,49,51,53,54,55,57,67,75,77
28,2025242,2,8,11,13,15,16,20,21,23,26,35,53,65,66,69,72,73,78,79,80
29,2025241,3,7,12,13,16,18,20,28,37,47,48,50,53,61,63,68,69,75,76,80
30,2025240,8,9,11,12,15,27,35,36,43,45,49,50,51,61,64,65,68,72,78,79
31,2025239,2,3,10,12,15,21,22,27,34,35,37,38,49,51,55,65,66,70,71,76
32,2025238,12,14,15,16,17,24,25,28,29,31,38,44,46,47,49,57,59,60,61,76
33,2025237,1,3,6,13,18,22,25,26,28,32,33,41,42,45,47,63,66,73,75,80
34,2025236,2,5,12,16,21,27,39,44,53,54,56,58,60,61,62,66,72,76,77,78
35,2025235,3,8,12,13,16,29,31,38,40,43,44,52,53,57,58,60,63,69,74,79
36,2025234,6,8,9,11,14,15,25,27,33,39,40,43,46,49,52,54,61,65,70,80
37,2025233,8,11,16,26,35,36,49,52,53,54,55,57,58,61,65,69,70,72,73,80
38,2025232,1,2,3,4,5,14,17,20,21,27,29,32,42,45,46,51,56,60,68,73
39,2025231,7,16,17,20,21,27,29,35,41,44,45,46,50,53,55,59,60,62,63,66
40,2025230,7,15,17,21,29,35,42,43,44,46,47,57,58,59,62,63,68,73,76,79
41,2025229,2,3,6,7,10,11,23,24,26,28,29,37,41,48,52,59,61,65,66,77
42,2025228,2,6,8,9,17,18,20,28,47,49,50,55,56,58,60,66,69,75,78,80
43,2025227,2,11,12,18,19,23,30,33,34,40,46,49,55,62,63,70,71,74,77,78
44,2025226,3,6,7,18,21,25,32,34,36,39,46,47,48,53,57,59,67,69,70,76
45,2025225,2,5,6,7,26,29,30,36,40,41,46,52,57,59,60,66,72,73,75,76
46,2025224,5,9,10,11,12,18,23,33,37,41,45,46,55,58,63,69,70,71,74,78
47,2025223,4,5,20,22,24,25,28,29,32,34,36,38,40,50,55,56,57,59,65,70
48,2025222,5,8,11,15,22,26,34,40,46,47,50,51,52,54,56,61,67,68,72,80
49,2025221,9,10,13,14,22,30,32,34,36,38,43,49,50,54,56,57,58,68,69,76
50,2025220,4,7,8,10,13,19,21,26,28,36,39,42,43,45,48,60,67,68,75,76
51,2025219,7,10,15,21,22,24,25,27,35,36,40,43,44,46,50,59,60,61,66,80
52,2025218,13,14,17,26,28,36,37,42,44,48,49,56,57,58,61,62,64,70,71,73
53,2025217,3,8,18,19,21,25,26,30,32,36,41,44,45,53,60,63,64,66,69,73
54,2025216,2,6,14,17,21,25,30,33,45,47,49,50,52,55,58,60,66,72,74,76
55,2025215,5,9,12,24,25,30,31,33,34,42,45,47,51,52,55,57,66,69,70,77
56,2025214,4,7,9,12,15,21,25,29,31,41,42,53,56,59,61,64,67,68,75,80
57,2025213,2,8,19,20,21,22,26,31,37,38,39,40,49,52,54,59,71,73,74,76
58,2025212,3,10,12,28,29,31,42,45,47,48,55,56,62,65,72,74,76,77,78,79
59,2025211,7,9,20,24,25,30,32,33,37,38,39,40,41,43,45,49,69,71,77,80
60,2025210,4,14,21,28,30,32,33,34,37,40,44,45,56,57,58,62,65,66,70,78
61,2025209,3,7,11,12,15,17,18,24,31,39,41,46,48,56,59,68,69,72,75,80
62,2025208,8,10,19,24,28,29,33,38,41,44,45,48,50,52,55,58,63,67,68,78
63,2025207,1,2,4,8,10,15,17,25,31,32,47,54,58,64,69,70,72,74,76,78
64,2025206,7,13,15,18,22,29,30,36,47,49,52,54,58,60,64,68,70,72,74,77
65,2025205,1,5,9,13,17,19,27,28,29,30,31,33,43,44,50,53,61,70,73,78
66,2025204,1,2,9,12,18,20,25,27,33,38,42,48,55,57,59,63,67,73,74,78
67,2025203,4,5,11,15,20,21,25,27,34,40,46,48,51,58,60,62,63,69,79,80
68,2025202,1,4,10,20,27,31,32,36,37,43,50,55,56,63,64,65,66,72,77,79
69,2025201,2,3,6,13,17,18,27,34,36,39,40,41,44,57,63,67,70,71,73,76
70,2025200,1,3,11,17,24,28,29,30,36,37,39,44,45,48,49,51,54,57,59,63
71,2025199,5,7,10,12,13,14,16,21,23,33,43,52,61,65,69,72,73,74,79,80
72,2025198,11,13,16,21,24,28,33,34,37,38,43,44,53,59,61,62,68,71,73,77
73,2025197,3,8,12,15,16,18,21,26,29,31,35,42,43,45,57,62,65,78,79,80
74,2025196,1,2,4,9,12,24,26,27,29,33,50,52,54,67,68,70,71,72,77,79
75,2025195,5,12,19,23,26,28,30,32,33,35,48,52,53,55,56,59,65,74,76,78
76,2025194,3,10,11,12,13,18,19,27,36,37,40,41,42,46,51,59,64,78,79,80
77,2025193,3,5,6,10,15,16,18,20,21,28,33,34,54,59,62,68,70,72,73,74
78,2025192,1,9,18,21,23,25,29,40,45,51,52,58,60,65,66,68,70,71,72,77
79,2025191,4,5,8,14,22,27,41,44,45,46,52,53,56,57,59,60,71,78,79,80
80,2025190,1,3,4,6,20,21,34,35,39,41,46,47,50,53,55,56,65,66,70,79
81,2025189,10,22,26,32,34,38,43,44,50,52,55,57,58,66,69,71,72,73,76,79
82,2025188,2,6,8,10,11,15,22,28,29,30,36,38,40,46,48,58,64,70,74,77
83,2025187,1,6,12,15,25,26,28,29,30,31,32,33,34,36,47,50,55,61,73,77
84,2025186,1,4,5,13,17,19,25,26,31,36,50,51,55,56,61,63,64,71,73,77
85,2025185,2,5,7,13,18,25,27,30,33,35,39,40,46,48,50,56,63,65,74,76
86,2025184,6,18,20,22,25,32,33,35,41,43,52,55,57,65,67,68,70,72,73,75
87,2025183,1,3,5,12,15,16,18,29,30,38,41,45,47,52,53,54,57,58,63,66
88,2025182,1,4,7,8,11,17,24,30,31,35,45,49,54,59,60,73,75,76,77,80
89,2025181,2,3,8,10,12,13,19,26,32,38,39,43,46,48,53,55,69,76,78,80
90,2025180,1,8,10,11,14,20,22,25,29,38,43,47,50,54,59,60,65,66,74,80
91,2025179,11,12,13,14,16,21,22,25,26,40,45,51,55,56,58,65,67,69,72,76
92,2025178,3,4,13,20,25,27,34,36,38,39,41,42,52,54,55,64,67,77,78,79
93,2025177,2,3,5,6,9,26,32,33,34,35,36,39,46,49,59,65,69,72,76,80
94,2025176,1,2,15,19,24,25,26,29,40,41,47,48,51,56,57,66,68,71,72,78
95,2025175,1,3,9,10,15,16,20,25,30,31,37,48,50,51,54,55,60,64,68,75
96,2025174,3,4,5,12,18,19,27,37,38,39,46,48,49,59,60,62,63,75,77,78
97,2025173,1,7,13,17,22,23,38,40,41,45,46,52,53,60,66,68,69,70,71,78
98,2025172,3,8,12,15,18,23,26,33,34,35,44,45,51,52,54,55,56,68,70,74
99,2025171,1,9,16,20,21,25,27,30,32,36,37,38,40,50,52,57,66,68,75,79
100,2025170,7,9,12,13,16,19,20,21,23,31,40,42,47,52,58,62,65,66,76,80
101,2025169,3,6,13,14,17,19,23,28,34,38,41,43,47,55,58,62,70,73,74,80
102,2025168,12,13,14,24,26,27,28,29,31,37,38,46,47,48,60,64,71,74,76,78
103,2025167,7,13,20,22,27,29,30,33,34,35,36,47,63,68,70,71,72,74,75,80
104,2025166,1,4,13,16,18,22,26,28,33,34,48,49,50,51,52,54,56,66,72,73
105,2025165,3,6,8,18,19,25,29,30,31,32,37,39,40,42,44,55,63,66,69,77
106,2025164,6,13,16,22,23,26,27,31,34,40,41,57,60,67,68,70,71,76,79,80
107,2025163,3,4,7,8,19,26,31,38,39,45,51,53,56,57,59,65,68,71,74,78
108,2025162,1,2,3,8,11,13,15,20,26,29,35,37,46,49,59,60,61,64,66,71
109,2025161,8,11,14,21,28,29,35,37,41,42,44,47,50,55,56,59,69,73,75,80
110,2025160,1,4,17,19,26,27,31,35,42,45,46,47,52,57,60,61,67,69,72,80
111,2025159,11,15,17,25,27,30,31,32,36,37,41,47,50,55,60,62,65,69,71,80
112,2025158,12,13,14,22,23,28,33,36,42,43,47,51,54,55,62,65,71,72,79,80
113,2025157,7,9,16,20,25,27,28,30,31,43,49,51,52,56,58,60,61,62,73,76
114,2025156,1,3,5,8,12,13,18,19,26,28,29,32,38,50,60,68,73,75,76,80
115,2025155,7,10,12,18,27,32,34,42,46,47,48,54,58,59,61,63,73,74,75,76
116,2025154,3,4,5,6,13,14,15,16,22,30,31,33,36,46,53,57,61,66,67,76
117,2025153,1,8,10,16,19,25,27,32,36,39,42,44,46,47,50,54,55,75,76,79
118,2025152,2,3,5,11,19,22,34,35,40,46,50,51,52,55,61,63,68,72,78,80
119,2025151,4,10,12,16,19,23,27,29,31,34,43,44,49,50,54,63,65,68,77,80
120,2025150,2,5,9,11,14,16,21,24,26,28,30,38,42,52,56,61,62,70,71,74
121,2025149,1,2,3,9,15,20,24,25,28,31,32,34,35,48,58,62,64,67,70,74
122,2025148,1,4,5,7,9,11,15,16,20,21,24,27,32,43,48,52,59,64,70,71
123,2025147,6,13,21,27,29,31,32,39,43,47,51,52,53,58,61,67,69,72,79,80
124,2025146,10,12,17,22,28,33,34,41,46,50,52,60,62,63,64,65,71,73,75,79
125,2025145,4,10,28,29,31,37,39,40,43,45,52,56,58,59,61,65,68,69,70,77
126,2025144,3,5,6,8,14,17,20,21,25,26,31,32,34,36,51,52,55,57,60,67
127,2025143,1,3,12,15,16,18,23,31,35,47,49,52,56,57,58,62,63,67,75,79
128,2025142,5,6,7,12,14,19,24,25,28,33,34,35,45,47,50,56,60,66,73,79
129,2025141,9,11,12,13,14,15,16,20,21,28,29,34,39,40,43,45,48,59,67,68
130,2025140,2,7,8,14,16,19,26,29,31,34,38,41,42,44,49,54,56,59,60,78
131,2025139,5,9,11,16,24,26,27,32,33,38,43,44,45,54,58,61,62,68,69,71
132,2025138,1,6,8,10,14,17,19,21,23,26,29,34,40,43,56,57,58,65,70,77
133,2025137,2,8,10,18,20,23,25,27,34,37,39,42,52,59,68,70,72,73,74,80
134,2025136,3,8,9,11,12,16,17,19,26,40,43,46,60,64,65,67,68,74,77,78
135,2025135,5,7,10,21,22,26,30,35,38,41,42,44,47,52,61,67,70,71,75,79
136,2025134,7,12,14,22,23,28,29,34,39,43,49,50,51,52,55,57,58,61,64,73
137,2025133,2,3,7,14,15,16,21,22,23,29,42,46,48,52,55,58,65,68,79,80
138,2025132,11,13,14,22,29,34,37,39,42,43,46,47,50,55,58,61,62,65,66,70
139,2025131,2,5,14,18,20,29,33,34,36,41,43,45,48,50,51,58,62,64,74,76
140,2025130,1,5,9,19,21,22,24,26,34,36,41,46,47,48,49,50,52,62,68,75
141,2025129,2,5,14,15,19,23,24,30,39,42,44,48,55,59,64,65,66,68,69,80
142,2025128,1,2,4,9,10,14,15,17,19,24,25,37,39,46,50,53,60,63,76,80
143,2025127,7,13,16,19,22,30,34,35,38,39,40,46,47,50,52,56,58,62,67,71
144,2025126,1,7,11,15,21,29,34,36,44,45,46,53,56,63,65,69,72,73,75,79
145,2025125,4,5,6,12,18,19,21,30,33,42,44,45,49,52,53,64,71,73,78,80
146,2025124,11,12,13,15,21,23,31,34,35,39,42,48,52,53,56,58,59,62,69,80
147,2025123,1,13,15,20,21,35,37,42,44,50,51,58,63,64,65,69,70,73,75,77
148,2025122,6,7,8,11,12,17,20,23,27,28,30,32,34,35,37,47,61,68,75,78
149,2025121,1,2,5,9,19,21,32,39,41,42,44,45,56,57,62,68,73,74,77,80
150,2025120,5,15,18,25,26,28,32,33,36,38,42,44,45,48,52,53,63,65,70,73
151,2025119,2,4,5,9,12,21,22,25,29,36,42,44,51,52,54,55,74,75,76,77
152,2025118,1,2,6,12,14,15,17,20,22,27,33,35,36,48,50,53,54,68,75,77
153,2025117,4,6,10,11,15,18,20,23,30,38,40,42,54,56,57,60,69,71,74,79
154,2025116,1,5,7,8,11,14,15,20,21,22,35,41,43,49,57,59,60,65,73,80
155,2025115,2,5,8,9,12,21,26,35,37,39,40,41,44,47,48,49,67,72,77,78
156,2025114,6,8,13,16,21,23,47,48,50,51,54,57,58,63,68,69,70,78,79,80
157,2025113,2,7,12,14,19,27,45,48,50,51,53,56,59,61,64,65,67,73,74,78
158,2025112,3,8,10,15,16,19,20,24,38,46,49,52,55,63,65,71,75,76,79,80
159,2025111,1,3,11,12,13,14,15,22,31,36,38,45,46,55,58,65,70,71,73,74
160,2025110,1,2,9,13,18,21,22,24,25,27,33,34,50,53,54,57,66,67,71,74
161,2025109,1,2,5,7,17,28,30,31,32,40,46,47,52,56,57,67,68,73,75,79
162,2025108,4,9,10,15,23,25,27,29,33,36,40,42,44,50,52,53,60,65,72,74
163,2025107,7,14,22,31,34,35,36,38,42,44,48,53,54,56,63,69,70,75,77,78
164,2025106,6,10,21,23,29,32,36,37,42,44,50,53,56,57,62,63,67,70,71,77
165,2025105,1,4,8,10,14,25,27,29,32,33,34,40,45,47,54,56,58,61,68,69
166,2025104,6,7,10,16,35,38,39,42,49,51,52,53,56,57,58,64,69,70,71,72
167,2025103,3,5,7,14,22,25,28,29,33,34,35,36,37,39,45,55,59,70,71,76
168,2025102,5,6,7,11,16,18,20,23,28,38,40,42,46,47,55,58,59,64,65,70
169,2025101,1,7,18,23,27,29,30,35,48,51,55,57,59,62,64,65,66,73,75,79
170,2025100,1,3,4,6,7,13,28,33,35,37,39,50,59,63,64,65,68,69,71,79
171,2025099,12,14,19,20,21,28,34,35,36,41,47,52,55,62,65,67,71,76,77,78
172,2025098,1,6,8,11,13,15,16,20,29,35,50,54,56,59,60,63,66,68,77,79
173,2025097,1,5,7,9,12,13,25,33,34,37,41,53,56,59,60,68,70,73,76,80
174,2025096,2,10,12,20,21,26,30,32,39,40,44,46,48,54,56,67,69,72,77,80
175,2025095,5,7,10,19,24,26,29,30,32,43,47,60,61,63,66,67,71,75,77,80
176,2025094,4,10,12,13,16,18,19,27,28,36,46,51,58,63,64,65,67,69,70,79
177,2025093,5,6,11,14,17,20,21,28,29,30,39,40,48,55,58,65,66,68,69,74
178,2025092,1,2,3,5,11,28,32,37,41,46,52,54,55,58,64,71,72,76,79,80
179,2025091,3,4,7,12,23,24,26,28,30,31,33,38,39,45,52,53,59,69,74,76
180,2025090,1,3,4,8,23,26,27,34,41,46,49,53,58,64,65,67,68,74,76,79
181,2025089,2,5,8,11,12,13,16,28,30,31,34,35,44,47,50,57,58,59,65,69
182,2025088,3,4,5,7,10,18,20,24,25,36,45,47,50,53,57,63,65,70,71,75
183,2025087,1,7,8,12,14,15,19,23,25,28,35,42,54,56,58,65,68,70,73,80
184,2025086,1,5,6,12,19,33,35,37,39,44,45,48,49,51,52,53,59,68,71,80
185,2025085,2,3,5,16,18,19,32,33,35,36,37,46,47,50,56,57,60,65,68,76
186,2025084,1,6,9,13,15,24,28,30,34,38,40,43,44,48,51,57,60,70,73,75
187,2025083,2,6,8,13,18,19,22,29,43,44,47,51,56,61,63,67,71,75,77,79
188,2025082,2,5,11,25,31,34,35,42,45,46,49,51,56,58,59,71,72,75,76,78
189,2025081,1,2,5,7,10,16,20,23,41,47,48,52,53,54,63,64,71,76,78,79
190,2025080,3,5,7,9,23,25,37,39,45,54,55,56,65,67,68,69,71,72,79,80
191,2025079,3,4,13,14,15,18,20,23,24,27,28,40,48,53,59,60,68,69,70,73
192,2025078,2,5,10,16,18,19,20,22,25,33,35,38,40,54,59,62,64,73,78,80
193,2025077,1,4,7,10,13,14,16,17,21,23,35,36,43,45,47,51,53,61,69,80
194,2025076,3,10,11,16,18,21,27,28,30,35,40,43,46,47,50,54,62,66,68,72
195,2025075,4,9,12,13,20,23,25,29,38,41,45,48,50,51,53,54,55,62,68,80
196,2025074,1,2,3,4,10,13,23,24,33,34,36,50,53,54,55,60,62,67,77,79
197,2025073,2,7,9,18,20,22,23,27,32,42,48,51,53,57,58,61,65,68,75,79
198,2025072,1,6,14,25,26,32,33,35,39,40,41,46,48,49,53,54,68,72,74,78
199,2025071,1,8,9,13,14,15,17,25,34,36,48,49,52,57,60,61,62,68,74,77
200,2025070,3,4,5,9,12,20,21,26,29,33,41,55,63,65,67,72,73,74,76,80
201,2025069,5,12,13,14,20,25,31,38,41,44,61,62,63,64,68,74,75,77,78,79
202,2025068,1,3,4,7,9,12,13,18,26,27,32,40,45,50,53,67,73,74,75,79
203,2025067,2,5,23,27,29,34,35,42,45,46,48,52,53,63,64,65,66,72,74,76
204,2025066,1,12,20,21,23,24,26,29,36,37,42,45,46,51,57,58,64,68,70,74
205,2025065,1,2,5,14,16,17,20,24,29,30,35,37,38,43,48,52,58,63,72,79
206,2025064,2,8,16,19,22,24,25,29,30,32,37,39,47,50,51,58,74,76,77,79
207,2025063,2,6,7,8,13,14,18,21,37,46,47,51,54,58,59,60,63,66,67,75
208,2025062,2,4,7,10,14,19,22,24,28,33,34,35,37,39,48,53,59,62,66,68
209,2025061,3,9,10,14,23,27,34,38,39,45,50,59,63,65,70,71,72,75,76,77
210,2025060,3,7,9,11,15,16,22,24,28,34,44,47,48,51,52,70,71,73,76,78
211,2025059,2,3,4,9,17,23,27,31,33,36,37,39,42,43,49,51,55,60,74,80
212,2025058,5,7,12,17,19,23,25,26,29,38,40,45,48,53,60,64,67,69,70,79
213,2025057,2,4,6,9,13,15,18,19,20,21,28,35,48,53,54,70,72,74,75,78
214,2025056,2,8,11,12,13,15,16,20,27,32,34,39,45,47,54,55,56,71,77,79
215,2025055,5,6,7,18,19,20,31,34,35,37,43,44,50,52,56,59,61,63,77,78
216,2025054,2,7,13,20,28,39,41,43,46,49,51,56,59,60,68,73,74,77,79,80
217,2025053,1,2,4,6,8,9,18,22,30,33,36,43,49,53,55,58,61,67,69,76
218,2025052,2,6,8,9,11,15,20,22,23,26,30,35,39,43,57,58,60,64,67,77
219,2025051,2,5,6,17,18,19,24,25,26,28,31,37,39,53,58,64,65,71,78,80
220,2025050,4,10,15,17,20,23,30,31,45,46,47,53,54,57,60,70,72,74,76,77
221,2025049,3,11,15,16,20,21,24,27,28,35,42,43,44,46,53,55,57,58,66,72
222,2025048,11,12,15,20,21,28,31,32,37,39,42,44,51,55,57,66,71,73,77,79
223,2025047,2,3,13,14,20,25,27,36,37,43,47,48,51,55,58,66,71,74,76,79
224,2025046,2,11,20,30,32,36,37,39,41,45,48,51,54,61,65,68,70,73,75,76
225,2025045,9,10,15,23,25,29,30,33,34,35,40,49,53,57,64,72,73,78,79,80
226,2025044,3,6,15,18,19,31,37,40,45,46,52,54,57,60,63,66,72,74,75,80
227,2025043,2,3,5,7,9,16,22,27,29,31,33,35,43,52,59,60,61,67,70,72
228,2025042,1,2,10,19,25,27,40,41,44,48,51,57,58,59,61,62,70,71,73,74
229,2025041,5,10,12,19,26,28,38,39,41,47,49,50,53,56,62,67,71,74,75,78
230,2025040,11,19,28,31,33,35,38,40,45,52,53,58,59,61,64,69,72,76,78,79
231,2025039,1,4,8,10,13,14,25,26,29,34,36,37,41,44,52,59,60,69,74,77
232,2025038,2,8,9,11,13,14,17,18,20,22,24,34,48,64,68,69,73,77,78,80
233,2025037,6,9,18,26,30,32,34,35,41,42,54,62,66,68,69,70,71,72,73,80
234,2025036,4,6,18,21,23,24,26,33,40,42,43,47,49,53,63,64,65,67,71,78
235,2025035,1,9,19,20,21,25,26,28,30,48,49,54,56,57,61,65,71,72,75,77
236,2025034,1,5,6,8,10,13,14,15,16,24,27,34,38,41,42,46,52,53,58,71
237,2025033,2,8,11,12,14,15,20,22,23,43,45,53,61,62,63,64,69,73,76,78
238,2025032,4,10,11,16,17,25,27,31,32,37,38,41,51,54,61,66,67,73,77,80
239,2025031,3,4,9,13,14,15,27,28,32,33,36,37,46,51,60,61,66,71,75,78
240,2025030,4,10,13,18,20,23,26,30,33,34,37,40,45,46,49,51,57,63,71,73
241,2025029,4,5,6,7,12,21,40,49,51,52,53,54,59,61,62,65,75,76,77,79
242,2025028,5,9,11,13,25,27,28,29,38,44,50,51,52,53,55,59,63,66,71,73
243,2025027,1,9,10,12,14,16,19,24,28,35,38,40,49,53,56,58,64,67,71,77
244,2025026,4,11,12,13,17,20,23,33,40,43,44,50,53,60,63,65,67,68,72,80
245,2025025,2,3,5,7,12,13,23,26,29,39,43,44,48,60,62,63,64,74,77,79
246,2025024,1,7,10,12,16,21,25,26,29,30,33,34,36,37,41,53,71,72,73,75
247,2025023,5,6,7,8,13,17,21,25,32,33,36,41,46,55,59,62,68,70,74,76
248,2025022,3,6,8,11,14,15,20,25,26,28,39,49,54,56,57,61,63,66,76,77
249,2025021,6,8,10,11,13,14,27,30,32,33,35,38,47,50,52,56,62,65,71,76
250,2025020,1,2,5,6,11,14,21,26,37,40,41,43,45,50,57,60,61,67,73,78
251,2025019,2,3,12,16,18,21,24,33,45,46,50,53,55,62,68,70,71,72,79,80
252,2025018,5,9,13,22,23,24,28,31,33,34,37,45,46,48,50,52,55,63,72,76
253,2025017,1,3,7,13,18,27,31,32,37,43,47,48,51,52,53,61,64,65,73,80
254,2025016,1,2,11,15,16,19,23,32,43,45,46,48,53,55,57,62,68,77,79,80
255,2025015,1,3,10,11,12,16,23,38,41,52,53,56,58,61,62,71,72,76,78,80
256,2025014,6,17,20,24,26,30,32,34,40,42,45,46,51,54,57,58,59,63,71,76
257,2025013,1,3,4,6,11,16,18,21,35,38,42,46,49,53,63,64,65,69,72,75
258,2025012,2,4,6,8,10,13,19,31,33,35,38,45,50,51,59,63,65,66,67,74
259,2025011,2,3,5,21,23,24,25,30,34,35,45,47,50,57,58,61,70,75,77,79
260,2025010,9,10,20,24,27,41,45,46,48,50,53,56,64,65,66,67,70,73,74,76
261,2025009,11,15,26,27,28,34,40,43,46,47,48,52,56,58,60,62,67,74,75,79
262,2025008,1,2,7,8,10,13,15,26,47,54,55,56,57,60,65,71,75,76,77,79
263,2025007,1,2,18,25,27,29,35,39,43,51,53,54,59,61,67,69,71,74,75,79
264,2025006,2,8,12,19,24,25,31,32,33,35,43,47,48,52,56,59,60,66,67,79
265,2025005,9,11,12,14,19,20,22,27,31,33,36,37,45,49,55,57,60,64,79,80
266,2025004,4,7,9,12,16,26,27,35,36,43,46,50,53,65,67,68,73,75,77,80
267,2025003,3,6,10,12,15,22,24,26,30,32,37,38,43,57,58,60,62,69,70,79
268,2025002,2,5,6,9,13,24,26,27,33,35,45,46,55,56,64,65,66,69,73,78
269,2025001,2,15,20,22,32,34,35,42,44,46,50,54,55,64,68,71,74,75,77,79
270,2024352,4,6,12,18,26,30,31,34,51,55,56,59,65,66,68,73,74,77,78,79
271,2024351,7,9,12,15,16,28,29,31,33,34,35,36,37,38,43,44,64,69,76,79
272,2024350,1,3,8,9,13,32,38,40,41,50,51,57,59,60,65,67,69,72,75,76
273,2024349,2,3,6,22,26,27,28,32,33,35,36,42,46,49,63,67,69,71,73,78
274,2024348,4,12,14,16,20,21,29,31,36,43,44,51,57,59,64,65,72,76,78,80
275,2024347,3,5,10,15,18,19,20,29,32,33,41,42,44,47,55,59,63,71,76,77
276,2024346,4,7,10,16,19,20,23,27,38,39,40,43,51,52,55,56,62,72,77,79
277,2024345,13,23,26,34,38,39,40,43,46,48,57,58,59,64,67,70,72,73,78,80
278,2024344,2,4,7,12,19,23,25,31,33,40,42,43,56,57,58,60,63,64,73,75
279,2024343,7,22,27,28,31,34,37,42,44,45,46,49,54,57,66,67,72,76,78,80
280,2024342,4,7,9,13,15,17,25,37,39,54,58,59,60,65,67,71,72,74,75,80
281,2024341,1,2,9,10,15,28,29,31,32,42,44,50,56,58,61,62,71,75,77,78
282,2024340,2,3,7,11,18,22,25,27,38,40,46,48,57,59,60,63,64,69,76,79
283,2024339,1,2,5,7,10,12,13,16,25,32,35,38,42,50,61,64,67,72,76,80
284,2024338,1,2,4,5,7,8,9,12,14,15,19,20,25,31,41,52,56,69,71,77
285,2024337,14,15,17,22,26,32,37,42,49,50,59,68,70,71,73,74,75,76,77,79
286,2024336,8,12,15,16,17,19,21,27,32,41,44,45,49,54,58,59,61,66,71,74
287,2024335,11,13,14,22,23,24,26,32,34,44,50,53,56,58,61,63,67,71,77,79
288,2024334,2,10,12,14,20,23,24,44,52,53,57,58,59,60,68,69,70,72,73,78
289,2024333,3,5,10,12,13,18,23,27,30,33,48,49,54,56,60,65,67,71,72,77
290,2024332,1,8,10,13,21,30,35,38,41,46,47,49,51,61,63,64,65,66,69,80
291,2024331,3,4,8,14,21,22,23,35,39,43,46,49,55,58,60,69,72,78,79,80
292,2024330,2,3,6,12,17,23,26,29,30,46,48,49,60,61,62,67,70,71,73,74
293,2024329,7,9,15,16,17,20,22,25,37,39,48,58,59,67,69,70,72,74,79,80
294,2024328,2,6,8,15,16,18,19,23,30,39,40,43,47,50,58,69,71,72,76,80
295,2024327,5,6,11,15,16,18,20,29,32,34,36,46,52,55,57,59,65,69,72,79
296,2024326,4,6,8,14,15,17,39,46,48,50,52,54,56,58,63,66,71,73,74,80
297,2024325,2,3,6,13,16,23,26,36,42,44,46,52,53,54,60,61,64,69,73,79
298,2024324,2,6,8,16,20,22,26,28,31,33,39,42,45,53,57,62,65,69,72,80
299,2024323,8,18,24,30,32,33,34,35,37,38,42,51,52,54,56,66,69,72,73,74
300,2024322,2,3,4,13,16,21,24,37,38,40,42,46,47,57,60,63,70,73,74,75
301,2024321,2,3,6,8,11,12,13,15,20,22,26,41,46,47,48,56,58,60,73,74
302,2024320,2,5,9,13,17,19,20,28,29,38,44,48,51,60,65,68,73,74,76,79
303,2024319,2,5,8,9,11,18,22,26,27,28,33,44,53,55,56,58,61,72,77,80
304,2024318,2,3,11,12,15,19,21,26,32,39,41,46,54,58,59,62,67,75,76,78
305,2024317,4,9,11,14,18,23,24,26,29,35,36,39,40,49,53,61,62,68,70,74
306,2024316,6,8,12,22,29,32,42,47,49,50,54,56,58,59,64,67,68,70,71,80
307,2024315,5,6,7,8,9,17,21,29,30,38,39,43,57,61,68,69,72,76,77,80
308,2024314,3,5,14,22,23,24,25,28,33,34,44,45,53,55,61,68,69,75,76,79
309,2024313,4,8,11,13,15,19,20,23,25,26,28,33,40,41,42,48,53,64,73,78
310,2024312,5,6,7,8,12,17,20,22,23,25,27,34,35,41,47,49,53,61,66,71
311,2024311,1,3,4,5,13,14,25,28,33,36,50,54,59,61,64,66,69,72,73,76
312,2024310,2,6,8,9,16,18,21,22,23,25,33,34,37,45,46,50,52,56,60,76
313,2024309,6,7,15,17,20,22,24,26,33,37,50,51,59,64,68,71,72,74,75,80
314,2024308,6,8,9,12,25,30,32,34,35,39,41,43,45,48,52,55,63,70,74,80
315,2024307,7,13,14,20,27,30,31,36,37,39,41,42,43,44,46,56,61,66,73,77
316,2024306,3,7,8,11,12,17,20,33,34,40,41,42,52,56,60,66,68,75,77,79
317,2024305,4,8,16,17,22,34,35,36,38,39,40,46,48,52,54,58,64,71,74,75
318,2024304,1,2,9,11,13,18,24,29,31,37,38,39,41,46,61,62,63,67,69,72
319,2024303,6,7,11,18,21,24,25,28,32,36,40,42,43,46,59,67,71,72,73,79
320,2024302,4,15,21,30,31,37,38,39,41,43,49,56,58,60,61,64,65,67,70,76
321,2024301,5,7,9,10,15,17,22,23,24,29,30,43,49,51,57,58,63,64,67,73
322,2024300,1,3,5,7,24,33,36,39,40,43,51,54,55,56,59,65,70,74,76,80
323,2024299,5,6,12,14,22,23,25,26,36,39,48,54,58,61,64,68,69,75,76,79
324,2024298,1,2,7,8,15,32,34,37,38,40,42,49,51,54,59,61,67,69,72,73
325,2024297,9,10,14,27,28,31,36,39,46,47,60,61,63,64,69,70,71,75,78,80
326,2024296,3,5,7,11,12,20,21,29,32,33,35,43,45,51,56,58,74,77,79,80
327,2024295,2,10,12,13,14,23,24,29,31,32,35,37,43,44,45,46,61,64,74,75
328,2024294,1,2,5,16,19,21,25,31,34,37,42,43,51,53,54,58,59,64,73,80
329,2024293,1,2,3,8,9,11,12,16,18,24,31,36,39,44,56,58,67,70,74,80
330,2024292,1,7,11,12,23,27,31,37,39,43,45,50,53,54,55,57,65,67,71,75
331,2024291,2,12,15,26,27,28,30,31,32,36,38,47,52,54,59,62,63,68,71,76
332,2024290,5,9,10,15,23,27,29,31,38,39,41,47,54,66,70,71,72,75,76,78
333,2024289,3,12,13,16,21,38,44,46,50,51,54,62,63,68,69,70,74,76,77,78
334,2024288,2,6,11,16,18,22,39,46,47,52,55,60,61,66,67,70,71,74,77,78
335,2024287,1,5,12,13,15,17,18,28,29,34,39,44,55,60,62,64,66,67,70,77
336,2024286,6,9,11,13,14,18,24,28,29,36,38,41,42,49,51,57,66,71,75,78
337,2024285,2,12,16,17,23,25,26,27,34,45,51,54,56,58,60,64,67,70,72,77
338,2024284,5,7,14,18,19,23,26,27,36,37,44,46,50,53,56,58,64,66,73,78
339,2024283,3,9,11,14,15,18,20,21,25,26,28,40,43,50,54,66,72,76,77,78
340,2024282,3,7,8,12,13,34,40,43,47,50,54,55,58,61,63,64,66,72,74,78
341,2024281,11,12,16,19,22,26,27,36,40,42,45,46,48,49,55,65,69,72,74,76
342,2024280,7,16,22,27,28,34,37,38,39,40,45,46,51,57,63,64,65,73,77,80
343,2024279,3,5,9,13,20,23,28,31,32,36,42,43,44,49,63,66,68,69,75,76
344,2024278,9,13,14,18,22,28,33,35,41,45,48,49,51,53,58,68,71,73,74,80
345,2024277,4,7,9,11,12,16,19,20,25,27,28,37,42,52,60,64,66,69,71,78
346,2024276,2,3,6,13,14,19,21,22,32,49,52,53,60,68,69,70,71,73,74,75
347,2024275,7,13,19,20,23,26,39,40,41,55,57,61,62,63,65,66,71,73,76,79
348,2024274,3,12,16,21,23,25,32,39,40,41,52,54,65,67,68,73,74,75,76,77
349,2024273,3,5,8,10,11,13,14,26,27,30,32,34,46,48,49,51,68,72,75,79
350,2024272,3,4,8,11,14,22,30,31,33,48,49,51,57,58,63,64,67,68,74,76
351,2024271,2,3,7,8,16,23,27,31,32,33,35,43,46,50,51,57,59,66,69,71
352,2024270,1,2,5,7,20,21,23,27,39,42,45,49,54,58,63,67,70,71,72,74
353,2024269,6,16,22,23,25,30,32,36,41,44,45,51,55,65,66,67,71,74,75,76
354,2024268,9,10,14,16,19,23,25,27,33,34,37,39,42,50,51,58,67,69,72,75
355,2024267,2,4,7,9,17,22,23,24,26,29,33,38,43,50,55,56,71,77,78,79
356,2024266,2,5,6,7,9,23,25,26,34,37,45,46,50,53,54,57,65,72,73,78
357,2024265,1,3,26,27,32,33,38,39,40,41,44,49,50,53,66,68,71,75,77,79
358,2024264,2,3,4,6,8,10,13,17,19,20,26,34,36,48,51,54,57,62,70,76
359,2024263,7,10,19,30,32,36,46,47,48,51,53,54,57,64,66,67,69,71,73,76
360,2024262,6,9,15,18,19,23,26,30,34,38,46,49,55,57,60,70,71,72,77,80
361,2024261,1,8,9,11,12,15,22,28,31,38,39,40,44,57,59,63,64,71,74,79
362,2024260,2,3,4,5,7,12,32,42,44,49,50,54,56,62,63,69,71,75,76,77
363,2024259,6,20,26,30,32,35,38,39,54,56,57,59,60,61,62,67,71,72,75,76
364,2024258,2,5,6,7,9,16,30,32,40,48,56,57,58,59,60,69,70,72,74,80
365,2024257,6,7,9,18,20,35,36,45,46,48,51,52,53,56,60,66,68,77,79,80
366,2024256,3,7,15,21,27,28,38,44,48,62,63,64,68,70,72,73,74,75,77,79
367,2024255,9,12,13,14,16,21,22,27,29,31,32,44,49,50,52,53,62,65,72,77
368,2024254,2,4,6,10,22,24,26,27,29,36,37,43,48,50,55,56,58,59,64,76
369,2024253,13,14,17,18,19,27,29,31,37,41,43,49,53,56,59,61,65,67,68,79
370,2024252,3,8,10,16,17,18,19,25,28,29,33,35,41,43,59,60,63,66,73,75
371,2024251,4,9,12,14,18,21,22,23,24,26,29,30,41,53,58,62,69,71,72,73
372,2024250,6,8,17,23,24,25,27,29,33,36,37,45,52,53,57,64,66,69,72,73
373,2024249,3,12,19,20,22,23,26,36,43,46,51,52,55,59,69,71,72,73,76,80
374,2024248,7,8,10,11,12,16,26,34,35,43,45,46,49,50,51,53,61,63,64,69
375,2024247,22,24,26,28,31,35,37,41,42,45,48,49,50,51,54,56,57,65,66,67
376,2024246,6,9,12,13,18,19,24,28,35,36,38,39,41,42,55,57,61,71,72,76
377,2024245,2,4,6,7,17,21,23,28,29,32,35,36,42,45,55,62,66,68,72,77
378,2024244,5,15,19,21,22,24,25,29,35,42,45,47,56,63,64,67,74,75,76,79
379,2024243,5,7,9,10,11,12,14,15,17,27,37,41,42,43,46,61,64,70,73,80
380,2024242,2,19,20,26,30,34,38,40,41,46,48,51,53,54,56,62,65,68,73,80
381,2024241,5,11,12,14,27,28,33,41,57,58,63,66,69,70,72,74,75,76,78,80
382,2024240,6,8,10,15,23,27,32,35,37,40,41,43,47,54,58,59,63,66,74,75
383,2024239,11,16,19,24,26,27,28,31,46,47,52,54,55,60,61,62,63,76,77,78
384,2024238,9,23,24,27,31,33,36,37,38,39,41,44,45,48,52,55,58,65,67,71
385,2024237,1,2,5,7,16,17,19,20,26,32,38,41,49,58,64,65,66,69,71,79
386,2024236,4,5,11,12,21,28,35,36,38,39,40,46,50,61,64,68,71,73,74,77
387,2024235,1,9,10,14,16,20,27,28,30,32,33,34,36,39,46,52,59,60,76,77
388,2024234,7,13,14,27,32,33,36,37,48,52,53,54,62,65,68,72,73,74,76,77
389,2024233,1,2,6,10,14,30,41,44,45,46,51,53,56,58,61,62,65,68,70,79
390,2024232,1,5,6,8,9,11,15,16,19,24,30,34,38,61,62,63,68,71,73,74
391,2024231,6,10,14,15,20,26,36,37,44,45,46,50,51,64,67,74,75,77,78,80
392,2024230,4,5,6,7,11,12,20,21,23,30,32,50,53,61,65,66,67,69,75,80
393,2024229,5,6,7,9,17,21,24,25,26,28,31,32,42,47,48,53,58,59,63,74
394,2024228,1,2,9,12,15,20,26,40,44,46,48,52,58,60,61,63,64,65,70,76
395,2024227,4,5,11,18,20,35,36,38,40,45,46,50,51,54,56,59,61,67,70,72
396,2024226,6,9,26,28,32,34,36,47,48,51,54,56,62,63,66,68,69,70,72,77
397,2024225,8,9,13,22,24,27,28,32,34,40,44,53,59,60,63,64,69,72,73,76
398,2024224,4,6,10,12,14,20,22,29,34,35,45,46,48,49,52,53,54,74,79,80
399,2024223,3,10,11,12,13,18,30,35,37,40,42,52,56,57,59,62,63,65,66,71
400,2024222,6,8,10,12,14,22,29,32,34,35,46,47,52,53,55,56,65,66,73,74
401,2024221,1,4,8,9,18,27,29,32,35,36,48,50,52,58,59,64,66,67,75,80
402,2024220,10,13,17,18,23,32,34,39,42,45,57,58,59,63,66,69,72,74,75,77
403,2024219,1,3,4,11,17,21,22,31,37,42,45,46,51,56,57,66,67,69,74,75
404,2024218,1,9,17,18,20,24,34,35,38,39,46,50,51,54,55,58,61,66,73,79
405,2024217,1,3,4,15,21,26,32,36,45,47,49,52,53,56,62,65,67,74,75,80
406,2024216,1,3,11,12,21,29,30,31,32,33,39,42,54,56,57,59,61,63,72,77
407,2024215,1,3,7,8,10,13,27,41,46,54,57,60,63,66,68,70,72,75,78,79
408,2024214,1,5,6,8,9,10,11,13,16,21,30,33,37,48,51,52,56,68,72,74
409,2024213,3,5,6,7,13,15,21,30,32,37,41,48,50,51,56,59,63,67,70,79
410,2024212,5,6,9,10,11,12,19,21,23,24,33,34,37,41,49,52,67,71,72,79
411,2024211,1,4,5,9,16,23,25,26,33,47,48,54,56,61,66,67,71,76,79,80
412,2024210,4,5,7,12,17,18,20,22,33,35,41,49,57,60,67,68,73,75,76,77
413,2024209,2,3,4,9,11,20,22,26,30,33,36,39,41,55,58,66,67,69,73,78
414,2024208,1,5,12,14,21,23,27,40,45,46,49,51,54,56,58,62,64,69,70,77
415,2024207,4,10,12,16,18,19,22,23,30,35,38,40,41,47,52,61,70,75,77,80
416,2024206,2,3,4,8,9,15,17,24,29,32,33,34,37,48,51,56,57,60,68,75
417,2024205,1,5,8,13,16,29,32,35,41,48,51,53,56,64,65,67,71,73,74,77
418,2024204,2,3,4,8,9,10,12,19,27,30,31,37,51,56,61,64,67,70,74,79
419,2024203,1,5,8,15,19,26,27,28,33,38,40,42,49,52,58,60,63,74,76,80
420,2024202,2,4,7,14,16,17,19,21,28,32,52,54,61,64,65,68,69,70,71,74
421,2024201,3,6,7,8,10,11,13,15,19,25,29,41,44,47,51,54,65,69,73,80
422,2024200,7,8,9,13,15,16,17,18,19,25,32,33,38,39,44,52,60,62,70,72
423,2024199,9,16,17,24,27,32,34,37,40,43,44,47,51,61,68,69,71,75,78,80
424,2024198,5,6,9,13,21,22,26,29,30,31,32,34,35,36,41,45,52,57,61,67
425,2024197,1,2,4,12,15,21,23,30,33,51,53,54,55,57,59,60,61,68,73,77
426,2024196,11,20,26,28,31,32,33,35,36,37,39,40,42,47,49,55,61,64,69,70
427,2024195,5,9,12,16,24,28,29,30,32,41,42,43,51,59,62,64,66,68,76,80
428,2024194,11,14,17,21,23,27,31,32,34,36,37,40,43,56,61,62,70,71,73,80
429,2024193,2,4,5,8,20,27,30,32,33,35,38,39,41,48,53,60,64,65,67,78
430,2024192,4,6,7,14,18,20,27,33,34,38,42,43,44,50,52,56,65,66,70,77
431,2024191,2,3,7,10,11,13,23,26,28,36,41,46,55,57,62,66,68,69,70,73
432,2024190,1,6,17,20,27,29,31,32,37,38,41,44,48,50,55,59,63,64,73,80
433,2024189,1,2,10,15,17,20,27,32,36,41,43,44,48,53,54,57,65,72,79,80
434,2024188,2,4,10,12,15,21,22,23,24,32,41,51,52,53,66,70,71,73,75,79
435,2024187,2,4,9,10,13,14,19,25,31,35,45,64,65,68,69,73,76,77,78,80
436,2024186,15,19,20,25,26,32,35,38,39,42,44,45,49,53,63,65,67,75,77,78
437,2024185,2,7,11,12,20,21,23,26,35,36,37,46,51,52,54,57,59,67,71,72
438,2024184,3,5,6,8,11,12,13,18,21,25,26,33,37,43,51,61,62,70,73,76
439,2024183,1,7,10,14,16,21,30,35,37,38,41,45,47,49,52,57,58,64,67,69
440,2024182,10,12,14,19,22,25,29,33,36,37,41,42,47,50,55,57,63,68,75,79
441,2024181,10,14,21,23,25,27,28,33,34,42,44,50,52,62,63,64,69,74,78,80
442,2024180,3,4,12,16,17,23,28,30,31,34,37,46,48,50,51,56,58,59,65,66
443,2024179,1,2,6,14,15,16,17,22,25,35,47,49,51,54,57,58,60,62,67,80
444,2024178,2,5,6,16,18,20,35,40,41,45,47,51,55,56,58,61,62,66,68,72
445,2024177,4,6,8,15,28,32,34,37,38,41,45,46,48,50,51,59,62,71,72,75
446,2024176,2,6,12,13,18,19,26,30,35,39,45,46,47,50,53,57,60,62,65,67
447,2024175,7,9,12,15,17,19,32,33,40,47,48,49,55,58,62,65,66,69,70,73
448,2024174,3,5,16,19,20,24,35,36,40,44,46,53,54,58,62,64,66,69,75,80
449,2024173,4,8,12,15,18,29,32,33,40,42,43,46,50,60,63,66,70,72,75,77
450,2024172,1,7,10,15,26,30,37,39,44,48,53,56,57,62,68,70,72,74,75,78
451,2024171,5,11,13,19,20,23,25,27,31,34,38,39,40,46,47,53,59,69,76,80
452,2024170,4,7,8,14,20,22,28,29,38,41,44,46,47,53,58,59,65,66,72,75
453,2024169,2,5,11,12,16,19,21,23,25,33,37,41,45,57,60,72,74,78,79,80
454,2024168,1,2,8,10,11,13,14,17,22,31,32,35,36,38,41,43,48,57,59,69
455,2024167,3,11,13,22,24,26,38,42,45,46,54,55,58,61,64,66,68,75,79,80
456,2024166,1,2,7,8,14,18,19,21,22,26,30,31,33,36,47,57,65,70,75,78
457,2024165,6,9,18,21,29,34,35,37,40,42,51,52,59,63,64,73,74,76,77,80
458,2024164,2,4,10,13,24,27,30,33,34,35,36,46,50,52,53,56,61,67,70,73
459,2024163,3,10,12,18,21,28,29,30,34,38,46,47,49,57,65,69,70,71,74,79
460,2024162,3,7,9,11,21,22,28,30,32,34,39,44,45,47,54,58,65,68,71,78
461,2024161,1,9,15,18,22,24,28,41,45,49,50,54,59,63,66,68,69,72,76,80
462,2024160,2,5,6,10,25,34,35,36,40,52,56,57,58,60,61,73,74,76,78,79
463,2024159,2,7,16,19,22,25,27,28,29,30,36,37,46,56,64,65,67,68,69,75
464,2024158,7,8,11,17,19,21,25,31,32,36,38,41,47,54,57,59,62,64,68,71
465,2024157,4,6,17,21,24,29,34,40,46,47,49,50,52,55,57,59,61,74,78,79
466,2024156,1,8,10,12,21,27,28,29,31,34,35,42,46,47,52,54,56,59,63,70
467,2024155,2,11,12,19,25,28,35,37,39,42,44,45,47,56,58,59,69,74,76,78
468,2024154,9,15,19,22,23,25,33,41,43,44,46,48,50,57,65,68,69,72,75,78
469,2024153,4,9,15,20,21,25,30,32,38,39,41,43,44,49,52,53,57,72,77,80
470,2024152,8,10,11,16,18,19,21,23,30,40,46,50,54,57,58,60,62,66,68,80
471,2024151,9,13,20,25,26,27,28,35,49,53,55,56,63,66,67,68,71,74,79,80
472,2024150,2,6,11,16,17,22,25,29,30,34,35,45,46,57,58,64,71,75,79,80
473,2024149,4,6,7,9,13,15,18,19,25,26,30,43,46,48,53,56,60,63,76,79
474,2024148,1,2,3,5,6,9,17,19,20,28,39,43,44,45,48,50,52,59,66,67
475,2024147,12,13,19,22,26,29,33,41,43,44,45,49,50,51,53,62,64,66,67,68
476,2024146,1,9,11,12,13,16,21,24,26,29,30,32,34,35,38,39,44,49,68,75
477,2024145,1,3,5,20,30,32,34,35,41,43,45,49,52,58,59,62,66,68,75,79
478,2024144,1,4,5,7,8,9,10,11,13,18,24,27,43,48,62,66,71,75,76,78
479,2024143,3,7,18,19,20,26,27,33,36,44,46,51,56,62,66,68,69,74,79,80
480,2024142,4,17,21,23,27,41,44,46,52,57,58,59,61,65,67,71,73,78,79,80
481,2024141,2,8,9,16,17,19,24,27,28,35,41,44,46,48,52,53,56,63,66,69
482,2024140,1,2,5,9,12,18,19,25,27,29,30,32,34,44,49,51,56,74,76,78
483,2024139,2,7,9,17,20,21,31,33,34,36,39,41,42,45,64,66,67,68,71,74
484,2024138,3,9,16,17,31,32,34,35,38,40,41,43,44,56,60,63,74,77,79,80
485,2024137,2,7,11,20,24,27,29,34,38,40,47,52,53,64,68,73,75,76,78,79
486,2024136,1,2,11,16,17,20,24,29,33,36,54,58,63,65,74,75,76,77,78,79
487,2024135,7,10,17,18,27,31,42,46,52,54,56,58,59,60,62,63,70,72,74,79
488,2024134,3,5,7,8,9,15,19,29,35,46,50,55,57,58,59,63,68,69,73,78
489,2024133,1,5,17,20,21,31,36,38,39,40,41,43,46,47,53,57,58,63,66,77
490,2024132,11,12,13,19,20,22,30,32,34,36,41,42,43,55,58,61,63,65,72,74
491,2024131,2,6,7,10,11,17,33,40,41,46,55,57,58,60,66,67,69,71,72,77
492,2024130,1,3,4,8,10,15,18,20,25,30,33,36,43,45,49,51,52,56,66,70
493,2024129,9,14,24,32,35,36,37,39,40,43,44,48,49,55,56,59,62,69,71,80
494,2024128,1,9,10,14,19,28,30,31,36,37,46,49,50,53,57,60,64,67,72,75
495,2024127,7,10,21,22,24,30,33,35,37,39,40,46,47,48,50,53,60,61,63,74
496,2024126,7,12,13,14,15,27,30,33,35,38,40,44,49,56,57,58,67,68,69,71
497,2024125,5,7,8,9,11,13,16,22,26,27,29,34,37,43,44,46,50,52,61,62
498,2024124,5,6,9,11,12,15,20,21,25,27,30,40,45,48,49,53,56,72,74,76
499,2024123,2,7,12,13,14,23,37,38,41,44,45,46,48,49,58,60,63,72,73,77
500,2024122,2,3,7,9,10,12,18,27,37,39,45,46,48,52,54,64,67,70,74,78
501,2024121,5,7,14,15,16,19,26,27,31,35,39,40,41,48,49,51,55,63,68,80
502,2024120,3,10,13,18,21,22,32,33,34,41,43,46,52,53,54,57,59,65,69,77
503,2024119,6,8,9,12,24,27,37,41,44,46,50,53,54,62,63,73,75,77,78,79
504,2024118,1,9,14,16,26,34,36,43,45,47,53,55,60,62,67,68,74,75,76,80
505,2024117,5,6,10,13,16,22,24,29,33,39,40,44,45,50,56,58,60,61,69,77
506,2024116,10,18,22,30,32,34,35,40,41,42,51,60,63,64,70,71,73,74,77,80
507,2024115,2,4,8,20,22,25,28,33,35,43,45,53,54,57,63,64,65,69,70,78
508,2024114,1,5,7,10,15,16,19,24,26,34,49,53,59,60,61,66,68,69,71,78
509,2024113,3,5,9,10,13,23,27,36,38,44,48,49,50,51,56,59,64,67,69,76
510,2024112,7,11,15,19,21,29,35,37,42,45,46,50,54,55,67,68,69,70,76,78
511,2024111,4,7,8,12,15,18,26,28,31,35,36,37,40,50,58,61,64,67,71,78
512,2024110,1,2,5,8,10,13,20,32,36,44,49,51,56,57,61,62,70,72,78,79
513,2024109,12,14,15,16,19,26,28,29,32,39,41,47,56,57,62,68,70,72,75,80
514,2024108,1,3,7,9,11,23,31,33,38,40,42,46,48,50,55,60,71,78,79,80
515,2024107,6,8,14,23,27,28,29,30,38,39,40,43,47,48,62,66,68,69,70,79
516,2024106,8,9,10,13,14,15,16,17,18,21,35,38,45,50,52,58,64,71,72,75
517,2024105,3,11,19,23,25,26,27,31,41,45,46,50,54,57,59,62,65,66,74,75
518,2024104,1,2,9,11,12,14,16,20,22,23,26,30,37,45,48,52,58,59,61,65
519,2024103,10,11,17,19,25,26,35,37,38,40,45,61,63,71,73,74,75,76,77,80
520,2024102,2,11,16,17,21,22,23,26,33,34,44,49,50,58,59,63,64,68,77,78
521,2024101,1,3,16,19,20,27,32,37,42,49,54,55,57,64,69,73,76,77,78,80
522,2024100,3,4,11,16,18,22,27,31,33,34,41,44,50,52,58,61,62,71,78,79
523,2024099,2,12,16,20,23,31,33,34,35,39,42,45,52,53,54,58,60,66,78,79
524,2024098,1,3,5,6,7,23,25,26,31,33,36,39,40,44,51,60,63,64,67,69
525,2024097,6,7,10,13,20,22,27,28,29,34,39,44,46,53,55,62,65,68,74,76
526,2024096,2,5,15,17,22,24,28,30,32,43,56,59,61,63,65,69,74,78,79,80
527,2024095,1,16,22,24,27,28,30,34,37,38,39,43,45,52,54,58,59,60,69,73
528,2024094,3,6,7,17,19,20,21,27,30,37,42,43,51,54,55,63,65,70,72,74
529,2024093,1,8,10,12,14,15,21,27,29,34,38,40,43,52,60,61,64,67,74,79
530,2024092,9,22,23,29,32,35,39,40,42,43,45,49,54,56,59,62,66,72,77,79
531,2024091,10,13,15,17,20,22,23,24,27,37,39,42,50,53,55,57,63,65,76,77
532,2024090,6,8,9,11,14,22,26,28,31,38,47,49,53,54,56,57,58,60,65,80
533,2024089,2,10,12,15,16,28,32,33,37,38,42,48,51,57,59,63,64,71,73,78
534,2024088,5,10,16,20,24,26,27,37,39,50,51,52,56,59,60,62,66,72,75,76
535,2024087,2,7,14,22,27,29,31,33,35,40,41,42,53,60,67,70,73,74,79,80
536,2024086,9,10,12,19,21,24,26,31,35,37,41,50,51,52,56,60,63,64,71,78
537,2024085,2,6,7,10,12,14,23,32,40,43,52,53,55,58,59,70,72,74,77,78
538,2024084,3,21,23,25,34,36,37,43,44,52,54,56,59,60,66,67,73,76,77,78
539,2024083,1,3,4,11,12,13,16,17,25,34,45,46,47,50,55,63,71,72,73,77
540,2024082,5,6,15,19,21,25,33,34,50,54,55,56,57,58,59,62,69,72,75,77
541,2024081,4,10,11,12,19,22,25,31,34,46,49,57,60,62,66,68,69,73,74,76
542,2024080,9,10,11,21,27,29,37,43,44,51,56,57,61,63,64,65,66,73,76,77
543,2024079,8,13,18,21,22,23,25,29,31,33,36,44,45,48,50,57,64,65,66,80
544,2024078,1,3,6,10,19,21,28,29,34,39,46,48,49,50,57,60,63,65,69,74
545,2024077,7,8,14,15,28,29,33,43,44,49,51,52,54,55,58,60,68,71,74,77
546,2024076,4,9,10,11,16,21,22,28,29,35,38,39,43,44,45,69,70,73,74,75
547,2024075,1,9,12,17,20,23,28,30,36,40,46,51,54,56,60,61,63,68,69,80
548,2024074,14,17,18,21,27,29,30,31,34,39,44,45,49,51,53,57,58,59,78,80
549,2024073,3,12,16,18,22,24,28,36,38,39,47,50,52,53,54,63,65,67,70,77
550,2024072,1,12,13,22,27,30,33,35,36,50,58,61,63,66,67,68,69,70,73,80
551,2024071,7,8,9,11,15,16,17,19,23,33,38,42,54,57,58,65,66,72,79,80
552,2024070,7,9,10,12,13,16,18,24,25,32,38,39,61,62,63,64,72,73,77,79
553,2024069,4,7,12,22,25,32,37,39,43,47,49,52,58,62,63,67,70,73,76,80
554,2024068,2,3,5,7,10,35,38,39,43,50,52,53,56,57,58,68,70,73,77,78
555,2024067,9,10,11,18,20,22,25,30,41,46,50,54,56,63,67,68,71,74,78,80
556,2024066,7,10,18,21,23,26,34,35,36,37,42,44,45,47,50,53,68,70,73,80
557,2024065,11,12,14,19,21,30,32,36,39,41,42,43,48,53,63,65,69,70,75,80
558,2024064,2,10,23,24,27,28,29,32,33,35,36,38,52,54,67,70,72,73,74,80
559,2024063,2,5,6,7,11,12,14,17,24,30,36,38,51,56,60,61,67,71,73,78
560,2024062,2,5,7,8,9,12,17,18,26,32,39,43,46,49,53,57,61,70,77,79
561,2024061,8,10,18,33,34,36,41,42,44,46,47,51,53,54,61,62,64,65,69,72
562,2024060,3,4,8,9,12,14,17,19,20,32,35,39,40,46,53,56,57,61,67,73
563,2024059,1,7,11,14,18,19,20,38,39,41,44,50,51,59,60,62,67,69,73,75
564,2024058,5,9,13,16,18,19,20,22,35,38,43,47,52,54,55,56,63,72,73,74
565,2024057,7,10,16,17,20,21,25,30,36,37,39,42,45,47,63,66,67,71,74,76
566,2024056,1,6,8,10,18,21,22,24,35,40,41,47,51,55,66,70,74,75,77,78
567,2024055,4,8,9,11,22,23,26,29,47,48,49,52,62,64,65,68,70,71,72,79
568,2024054,4,5,9,10,12,17,19,21,22,30,32,33,35,37,50,54,57,69,75,78
569,2024053,2,4,5,10,21,23,25,31,33,35,37,46,53,62,63,69,75,78,79,80
570,2024052,5,8,9,17,27,29,42,43,52,53,56,57,60,61,62,64,68,69,77,80
571,2024051,7,16,26,27,29,32,35,38,42,43,44,49,51,52,53,55,57,58,72,73
572,2024050,4,7,9,13,17,25,26,27,32,41,43,44,48,57,59,61,62,73,77,78
573,2024049,7,8,17,21,23,25,26,29,32,33,46,50,51,52,56,59,69,71,73,76
574,2024048,5,7,10,11,16,18,24,30,33,37,41,60,61,64,66,69,71,74,76,80
575,2024047,2,13,14,21,22,29,31,32,33,35,36,37,49,55,57,58,63,76,77,78
576,2024046,1,6,11,15,18,22,23,24,27,28,29,32,37,40,42,51,56,64,69,77
577,2024045,1,5,11,17,27,36,41,45,48,51,56,60,61,62,63,73,74,76,79,80
578,2024044,1,2,5,6,12,14,15,18,22,24,31,35,42,44,59,60,64,65,71,76
579,2024043,8,12,14,17,18,19,29,35,36,37,38,39,48,62,67,72,73,74,76,80
580,2024042,2,6,13,19,21,26,30,31,32,46,49,55,56,58,59,60,64,76,78,80
581,2024041,5,6,30,31,33,36,37,40,42,47,49,57,58,61,63,64,70,72,76,79
582,2024040,8,12,18,21,25,26,27,29,31,34,41,42,43,47,53,56,71,75,76,77
583,2024039,1,2,9,12,13,18,20,25,37,48,50,52,61,69,70,71,73,74,75,76
584,2024038,7,10,12,17,18,24,25,30,39,40,45,55,56,59,61,65,68,73,74,75
585,2024037,4,5,7,9,10,14,18,21,23,24,27,33,46,49,52,59,66,72,73,78
586,2024036,1,4,18,19,21,22,23,24,29,30,35,40,44,45,48,52,58,63,64,78
587,2024035,1,7,11,13,14,16,19,23,32,33,37,41,48,53,55,56,58,66,67,80
588,2024034,8,12,15,18,19,28,32,33,34,40,45,48,51,58,59,63,67,77,79,80
589,2024033,1,4,7,8,10,15,21,27,31,33,35,37,43,44,49,51,63,64,66,74
590,2024032,2,4,5,6,15,16,24,30,31,33,35,37,40,42,46,48,60,64,69,76
591,2024031,3,6,9,10,12,17,20,22,25,27,28,41,43,48,60,64,65,76,77,80
592,2024030,4,6,9,10,11,12,17,20,23,30,33,38,39,49,54,60,62,65,66,77
593,2024029,3,5,8,13,15,28,32,34,39,40,41,45,48,51,57,67,73,75,77,78
594,2024028,3,4,12,18,22,24,31,39,42,44,49,51,52,54,56,61,65,66,70,71
595,2024027,5,6,10,11,12,13,17,25,28,34,39,41,53,58,64,72,73,75,78,80
596,2024026,6,7,8,11,13,21,27,32,34,35,37,38,42,43,48,56,59,75,77,80
597,2024025,3,7,8,9,14,20,23,36,38,43,45,53,54,56,57,59,61,65,68,77
598,2024024,8,11,20,23,29,31,34,36,39,44,47,49,59,66,68,69,73,74,79,80
599,2024023,5,10,11,15,23,27,28,34,36,39,40,41,44,57,59,64,66,72,74,79
600,2024022,1,2,7,10,12,16,19,24,40,41,43,44,48,50,56,59,61,65,68,79
601,2024021,4,7,14,19,20,26,27,29,35,42,43,47,52,53,56,61,63,68,75,76
602,2024020,2,13,18,27,33,43,44,46,47,48,49,56,57,58,59,64,72,73,74,79
603,2024019,4,5,8,13,14,17,19,20,42,44,45,47,52,53,54,64,68,70,74,78
604,2024018,2,3,9,11,12,15,20,21,29,31,32,40,46,47,55,56,64,65,69,71
605,2024017,3,4,12,14,16,20,22,28,30,31,37,41,44,50,51,53,55,57,62,79
606,2024016,2,4,8,11,14,18,21,29,33,38,44,45,50,56,58,59,61,69,73,76
607,2024015,7,15,17,19,20,23,26,37,41,44,49,52,54,57,59,69,71,73,74,79
608,2024014,2,6,15,16,17,21,31,35,37,41,44,45,46,48,51,53,55,58,62,68
609,2024013,3,8,10,12,14,20,24,25,28,29,30,34,45,49,53,56,57,65,74,77
610,2024012,2,10,13,15,19,22,24,26,30,32,33,42,46,53,54,58,62,72,77,80
611,2024011,4,5,11,18,19,23,24,26,36,43,44,48,56,60,62,63,70,71,77,79
612,2024010,5,9,10,13,20,27,33,40,47,50,54,55,58,61,63,64,67,75,77,78
613,2024009,4,8,9,10,13,15,17,18,26,32,34,36,37,42,51,61,71,73,78,79
614,2024008,5,14,18,26,27,28,36,37,38,42,43,62,63,65,67,71,72,73,74,77
615,2024007,1,3,4,15,16,18,25,33,34,36,41,42,47,51,53,56,62,72,78,80
616,2024006,1,7,11,12,17,23,26,27,30,31,38,46,49,50,61,66,70,72,77,79
617,2024005,1,2,7,9,12,13,17,18,20,24,32,38,44,47,50,53,54,60,63,78
618,2024004,5,10,22,25,26,31,32,34,35,45,46,51,53,54,58,61,62,63,68,73
619,2024003,6,7,10,14,22,25,28,35,39,40,41,44,53,54,65,66,69,71,75,79
620,2024002,4,14,16,21,22,32,35,37,40,41,46,47,48,51,69,74,75,77,79,80
621,2024001,3,10,14,17,19,28,33,37,43,47,52,54,55,58,60,64,66,68,70,79
622,2023351,7,13,14,15,19,21,23,24,27,35,42,43,44,46,50,59,63,70,73,76
623,2023350,8,9,11,27,32,35,39,45,51,55,56,58,62,65,68,70,75,76,77,78
624,2023349,8,9,12,17,18,24,27,32,33,34,38,39,44,49,54,71,72,73,74,80
625,2023348,1,2,4,8,11,13,14,19,27,28,43,46,48,50,56,58,62,63,66,69
626,2023347,2,4,10,16,18,21,25,28,30,37,38,44,47,49,54,64,67,68,69,74
627,2023346,6,8,10,13,15,24,26,27,32,33,34,35,36,41,44,60,67,71,74,76
628,2023345,2,3,7,8,9,21,22,23,30,31,37,39,47,50,64,69,70,71,75,77
629,2023344,1,3,5,6,10,15,25,27,29,37,44,47,49,50,57,66,72,73,77,79
630,2023343,1,9,13,16,18,23,25,27,31,32,33,36,39,49,54,61,74,76,77,78
631,2023342,1,3,5,9,10,13,21,22,29,31,41,45,46,50,51,55,56,60,62,72
632,2023341,1,19,20,26,29,33,34,47,48,49,50,55,57,61,64,66,70,72,75,76
633,2023340,2,7,9,11,14,23,27,31,35,38,39,42,45,48,49,50,56,58,59,67
634,2023339,1,2,3,4,27,29,30,36,37,42,46,49,51,55,57,58,59,66,69,77
635,2023338,2,3,4,6,7,17,19,31,38,39,40,42,46,50,54,59,61,63,66,80
636,2023337,11,13,15,22,23,25,28,33,34,41,44,45,49,55,58,59,63,69,72,80
637,2023336,7,8,11,15,16,20,25,35,36,39,46,58,59,61,63,69,70,72,78,79
638,2023335,2,9,11,20,22,23,30,34,39,42,43,44,50,55,57,63,66,69,70,74
639,2023334,5,7,9,12,13,15,16,18,24,25,27,28,29,46,48,63,66,67,71,77
640,2023333,1,7,9,17,20,28,32,44,48,51,53,56,57,60,61,69,70,73,74,77
641,2023332,3,5,14,16,17,27,30,31,33,35,42,43,48,56,57,63,66,70,74,76
642,2023331,5,14,15,16,17,20,23,25,28,36,38,48,61,62,67,70,73,74,75,77
643,2023330,9,10,12,16,19,20,21,23,39,40,43,44,46,49,50,54,59,60,66,67
644,2023329,6,7,13,16,20,25,28,29,32,39,51,61,65,66,68,70,72,75,76,79
645,2023328,6,8,10,14,18,25,31,41,42,43,47,50,56,58,59,61,65,66,67,74
646,2023327,3,4,13,14,17,20,25,30,31,36,38,41,44,47,58,60,62,66,72,76
647,2023326,9,10,11,16,18,21,22,27,28,30,33,39,46,49,50,51,61,64,67,79
648,2023325,1,3,5,7,10,22,28,30,38,40,46,50,52,53,56,58,62,69,71,80
649,2023324,2,6,12,15,20,21,22,25,26,29,32,37,40,42,46,55,58,72,78,79
650,2023323,8,13,14,16,24,26,30,36,40,44,45,48,51,56,58,59,69,71,74,75
651,2023322,10,11,20,21,26,27,29,40,41,42,43,44,47,57,59,63,64,65,72,73
652,2023321,1,2,12,14,15,21,26,27,37,42,44,46,47,51,55,58,66,70,71,79
653,2023320,1,6,8,11,13,22,31,33,39,46,47,49,54,55,60,66,70,71,73,77
654,2023319,3,6,7,8,15,19,20,23,25,27,30,33,34,38,39,43,45,56,74,77
655,2023318,3,4,13,17,22,25,27,28,30,36,38,40,42,44,57,64,72,77,78,79
656,2023317,12,16,19,21,22,27,29,33,35,39,42,49,50,56,57,62,63,65,74,78
657,2023316,2,12,15,16,18,25,27,36,42,46,49,54,55,57,58,63,64,65,74,77
658,2023315,4,11,12,17,18,21,27,28,31,32,33,34,36,37,45,46,53,72,74,75
659,2023314,3,4,6,8,12,14,18,19,20,23,28,38,41,46,49,50,60,74,76,80
660,2023313,4,10,13,18,24,26,27,30,32,40,41,49,52,58,61,63,65,74,76,80
661,2023312,4,7,9,15,26,29,35,38,39,41,52,57,61,62,65,69,70,74,76,79
662,2023311,4,15,17,23,24,28,29,30,31,33,40,45,47,48,58,59,65,70,75,80
663,2023310,1,5,6,8,14,19,20,21,32,47,49,52,58,59,65,68,72,75,79,80
664,2023309,14,17,25,27,30,36,39,40,42,43,44,47,50,55,57,62,63,66,68,69
665,2023308,1,4,7,9,12,23,24,26,30,31,35,41,44,47,63,65,66,74,75,77
666,2023307,10,12,13,14,15,16,20,21,23,28,38,43,46,48,59,68,70,72,73,75
667,2023306,1,3,5,9,14,27,28,30,38,55,57,58,59,64,65,66,69,70,77,80
668,2023305,2,12,15,23,24,26,30,31,32,34,36,40,43,44,50,56,58,59,62,79
669,2023304,1,16,17,18,24,25,29,32,37,39,59,60,61,66,68,69,70,73,77,80
670,2023303,2,5,8,9,17,28,29,35,36,37,46,48,51,58,60,63,69,75,76,79
671,2023302,6,12,13,14,17,18,25,27,28,35,36,37,41,55,58,59,60,65,66,75
672,2023301,5,9,12,15,16,27,29,35,37,39,41,42,46,48,50,63,67,69,73,80
673,2023300,1,4,7,9,12,13,17,18,19,23,29,31,34,36,45,60,62,63,70,78
674,2023299,5,6,9,13,15,18,22,26,43,47,48,50,52,53,56,61,67,75,78,79
675,2023298,4,14,15,16,18,19,31,32,34,35,37,40,48,53,62,65,68,71,77,79
676,2023297,2,5,9,16,25,28,29,35,40,55,56,58,60,61,64,70,71,75,77,80
677,2023296,4,6,11,24,25,32,36,40,42,45,50,55,56,62,65,69,70,71,77,79
678,2023295,1,4,13,15,19,22,23,24,26,36,40,42,44,49,52,64,65,72,73,74
679,2023294,3,5,11,13,14,25,30,44,45,46,48,49,53,56,57,63,64,65,72,75
680,2023293,2,5,8,12,14,17,26,33,38,40,41,47,48,50,51,54,62,64,67,69
681,2023292,3,4,7,9,10,19,26,29,32,33,39,44,48,55,56,62,65,68,71,78
682,2023291,4,5,10,25,27,31,39,42,45,46,54,55,56,57,60,72,73,76,77,78
683,2023290,1,3,8,9,12,23,26,29,35,47,51,55,56,59,60,66,67,72,73,77
684,2023289,1,2,13,14,18,23,28,37,39,40,45,47,52,53,62,64,68,71,74,76
685,2023288,11,15,18,19,21,24,25,27,36,39,44,46,49,62,66,67,70,73,76,77
686,2023287,6,7,9,10,12,15,17,22,24,25,36,42,49,50,57,59,61,77,78,79
687,2023286,4,6,17,18,23,25,31,33,40,47,49,50,54,56,57,58,60,61,78,79
688,2023285,2,5,9,14,15,16,18,24,44,45,46,48,52,61,63,67,74,75,76,78
689,2023284,3,6,17,21,22,24,26,33,40,51,52,55,56,57,58,61,64,71,76,79
690,2023283,5,6,9,12,18,33,37,39,41,44,47,48,56,63,64,66,68,71,73,79
691,2023282,2,15,16,22,27,31,38,39,40,41,42,43,46,53,54,59,60,68,74,77
692,2023281,5,7,16,19,20,28,30,31,34,38,40,41,42,46,48,53,61,71,77,78
693,2023280,1,2,5,6,7,14,28,29,31,34,39,42,53,55,58,64,67,68,73,79
694,2023279,5,6,9,10,16,22,24,27,35,40,43,44,55,56,68,70,73,74,75,77
695,2023278,2,10,14,15,17,27,32,33,38,43,44,45,47,48,54,60,69,73,77,78
696,2023277,13,18,19,20,22,24,27,32,35,36,38,40,55,59,60,62,66,70,79,80
697,2023276,7,14,16,18,21,22,34,38,39,41,44,49,53,54,70,71,74,75,78,79
698,2023275,8,13,21,24,27,36,39,41,44,49,52,57,61,63,65,66,69,70,71,76
699,2023274,4,5,8,9,10,15,19,25,30,32,37,45,47,48,54,59,60,62,63,67
700,2023273,5,9,14,18,26,31,32,34,39,42,45,48,49,53,54,55,63,69,72,75
701,2023272,2,5,6,7,12,13,14,15,22,29,31,42,45,64,67,69,70,71,72,79
702,2023271,1,11,19,24,25,35,36,38,41,45,47,52,53,55,63,65,69,70,71,77
703,2023270,21,25,26,27,33,39,42,46,48,55,58,60,61,64,67,70,71,76,79,80
704,2023269,4,5,7,12,18,22,24,28,31,33,36,40,41,47,48,64,69,72,76,79
705,2023268,3,6,8,9,13,16,21,25,26,34,42,47,53,55,61,65,69,73,74,80
706,2023267,5,9,14,16,20,22,24,33,36,38,40,49,51,54,55,58,61,62,65,74
707,2023266,7,16,17,32,33,39,42,44,47,49,51,58,62,68,70,72,75,76,78,80
708,2023265,11,13,15,16,21,33,35,36,40,49,51,61,62,63,66,70,71,75,78,80
709,2023264,1,5,9,11,14,15,16,32,34,39,42,43,45,52,63,67,69,70,76,78
710,2023263,11,13,14,18,21,23,28,29,33,36,53,54,55,57,58,59,61,70,74,77
711,2023262,1,4,6,11,12,15,19,26,27,48,54,59,60,62,63,67,68,76,79,80
712,2023261,4,7,8,9,17,24,25,29,31,34,44,46,49,52,59,61,62,67,76,78
713,2023260,2,3,5,11,13,14,20,23,24,25,27,29,33,37,54,58,68,69,73,80
714,2023259,1,5,6,12,14,21,24,29,32,33,41,43,54,55,56,66,68,69,75,79
715,2023258,4,7,12,27,28,29,36,42,45,46,50,55,61,62,64,67,69,72,73,80
716,2023257,6,8,9,11,13,14,20,24,27,29,30,54,58,60,61,62,67,71,77,79
717,2023256,3,6,7,8,10,14,17,20,23,25,28,31,33,54,68,72,73,74,75,79
718,2023255,6,14,21,25,28,29,34,37,38,39,40,47,54,61,62,63,70,74,76,79
719,2023254,2,12,15,16,27,30,32,34,35,38,39,41,50,54,55,59,60,64,70,72
720,2023253,1,9,14,18,20,22,30,35,36,41,43,49,51,52,65,66,68,69,73,79
721,2023252,3,4,8,18,20,23,24,26,29,37,42,43,48,54,67,69,71,72,76,78
722,2023251,7,10,12,17,20,21,26,30,32,34,41,43,45,62,64,66,67,70,76,80
723,2023250,1,8,10,14,16,17,24,25,28,32,41,49,50,62,63,65,68,72,74,76
724,2023249,7,10,12,24,25,30,31,35,40,44,51,52,55,58,59,64,65,66,72,75
725,2023248,5,7,9,11,15,16,18,22,23,24,31,34,36,42,57,58,62,67,68,80
726,2023247,6,17,23,26,39,40,44,46,48,51,53,57,59,64,68,70,74,76,77,79
727,2023246,1,2,5,27,29,33,34,40,45,47,53,56,58,62,70,71,72,73,75,77
728,2023245,2,4,7,27,28,29,38,41,42,45,54,58,59,60,65,67,69,78,79,80
729,2023244,3,8,14,16,17,22,33,42,44,52,56,57,58,61,64,65,66,70,75,79
730,2023243,7,19,22,23,24,25,26,27,32,35,36,44,45,54,55,57,61,71,73,75
731,2023242,1,4,7,8,9,10,15,16,18,22,29,31,36,51,53,54,57,68,72,77
732,2023241,5,10,17,20,24,25,28,29,38,45,46,47,48,53,60,62,64,67,70,77
733,2023240,2,5,9,12,19,20,25,27,34,40,49,52,55,57,60,61,71,73,75,76
734,2023239,6,11,12,14,16,17,28,38,44,53,55,62,68,69,70,72,74,76,79,80
735,2023238,2,3,7,18,20,23,24,33,39,40,47,56,61,63,65,67,69,73,74,76
736,2023237,1,3,4,11,12,13,25,32,35,36,38,40,47,52,53,60,66,68,69,75
737,2023236,3,6,9,11,12,20,21,22,25,29,39,43,48,49,52,62,66,72,74,77
738,2023235,2,13,14,15,16,18,21,23,24,25,26,27,35,36,39,40,57,70,72,78
739,2023234,6,9,20,25,26,27,28,36,38,41,42,47,49,58,61,64,66,70,74,75
740,2023233,1,3,12,13,18,19,27,31,32,33,35,37,42,44,47,60,66,69,73,79
741,2023232,2,3,4,9,14,16,22,26,30,35,36,47,56,58,60,62,63,66,76,80
742,2023231,1,3,6,16,27,28,30,31,34,35,36,43,45,51,54,56,61,66,69,79
743,2023230,4,8,10,13,16,20,23,25,26,30,36,37,50,58,61,65,67,68,71,79
744,2023229,10,11,13,14,17,19,22,24,27,31,39,42,52,53,63,64,65,71,72,78
745,2023228,2,7,10,13,28,29,34,36,37,38,44,48,49,50,52,57,59,63,65,72
746,2023227,8,11,15,28,30,33,34,36,37,43,49,54,55,59,61,62,67,71,77,78
747,2023226,3,4,7,9,11,12,16,20,31,33,36,41,46,54,57,59,62,64,68,78
748,2023225,11,12,15,21,25,26,29,30,35,42,43,44,46,55,62,63,65,70,73,75
749,2023224,7,9,14,16,17,34,38,40,44,45,50,58,68,69,70,71,73,76,78,79
750,2023223,6,10,13,21,22,23,29,32,40,47,51,56,57,58,63,66,68,70,71,76
751,2023222,1,3,11,13,14,20,21,27,30,35,39,41,47,48,61,62,63,73,78,80
752,2023221,1,3,7,9,13,17,20,23,24,27,31,32,34,39,42,49,64,69,77,78
753,2023220,1,2,8,9,11,13,14,16,22,33,36,52,54,58,59,69,71,73,77,79
754,2023219,5,10,12,14,15,18,22,24,26,29,30,31,37,42,44,50,53,54,62,75
755,2023218,8,9,18,19,20,24,28,29,31,37,45,54,56,61,63,64,68,69,73,78
756,2023217,6,9,12,22,24,25,33,35,36,38,41,45,51,53,54,55,61,63,64,70
757,2023216,1,2,6,11,12,16,18,19,25,29,43,53,54,58,60,63,68,71,73,75
758,2023215,9,12,13,18,24,26,28,30,31,40,42,43,45,47,48,56,66,67,69,75
759,2023214,9,10,13,15,18,21,22,23,24,26,30,34,36,41,43,46,55,65,71,74
760,2023213,6,7,10,12,13,25,29,32,42,50,56,58,60,61,62,68,69,71,73,79
761,2023212,7,14,16,21,24,29,30,36,37,38,39,43,47,56,59,61,62,70,73,79
762,2023211,1,7,15,21,42,44,49,55,57,60,61,62,63,64,69,71,72,73,77,78
763,2023210,6,11,14,18,21,23,35,36,37,39,41,43,54,55,56,64,65,66,67,72
764,2023209,5,6,8,15,17,18,23,28,29,32,35,39,41,45,48,53,57,74,76,77
765,2023208,12,15,21,23,26,27,29,33,37,42,49,51,53,54,57,58,61,63,74,80
766,2023207,3,16,21,22,28,34,35,39,40,45,53,55,56,61,64,66,67,73,77,80
767,2023206,10,14,16,21,25,27,28,29,37,38,41,44,48,49,56,62,66,67,69,71
768,2023205,4,7,22,27,28,31,34,39,43,47,52,53,57,60,61,62,64,66,74,77
769,2023204,6,8,9,18,25,29,30,34,43,46,51,59,61,62,63,67,70,75,79,80
770,2023203,2,7,10,17,20,24,27,30,33,34,35,39,46,55,65,71,72,76,77,79
771,2023202,4,10,11,12,16,18,21,22,24,25,35,41,42,43,49,50,59,65,68,78
772,2023201,3,12,21,24,25,28,31,32,33,36,37,39,41,47,50,51,60,67,69,80
773,2023200,9,10,11,15,17,19,27,29,32,34,35,41,43,44,45,55,64,65,66,76
774,2023199,5,8,11,12,15,21,23,26,32,35,38,39,40,44,49,58,59,64,68,71
775,2023198,5,8,10,14,18,20,31,33,36,42,49,51,54,57,59,60,61,71,72,73
776,2023197,2,3,5,6,11,13,28,32,37,40,41,44,45,55,56,58,67,69,70,74
777,2023196,4,5,8,9,17,21,28,32,33,35,36,41,48,51,53,60,74,77,78,80
778,2023195,1,10,12,15,16,26,27,35,36,40,47,48,54,57,59,68,70,75,76,79
779,2023194,1,13,20,21,25,26,28,32,34,43,45,49,52,56,64,67,69,70,71,76
780,2023193,3,9,20,21,27,32,34,39,42,49,51,55,56,58,61,64,70,74,77,80
781,2023192,3,5,16,25,26,27,29,30,33,41,47,51,53,54,57,66,67,75,76,77
782,2023191,3,5,12,19,22,27,34,36,45,47,50,57,59,63,70,71,72,73,74,75
783,2023190,4,5,8,11,12,21,23,29,37,40,46,59,60,61,64,68,69,71,73,80
784,2023189,2,4,7,11,13,24,29,35,40,41,43,44,50,51,58,63,69,70,77,79
785,2023188,8,11,18,21,25,30,32,35,38,41,44,47,52,54,59,67,71,72,74,80
786,2023187,7,11,12,13,17,18,20,24,33,37,39,48,50,52,53,60,67,71,76,77
787,2023186,1,3,4,9,11,12,22,23,27,34,41,43,48,50,58,62,63,68,69,75
788,2023185,5,7,9,12,15,17,20,24,26,28,30,32,35,41,50,51,55,71,75,79
789,2023184,1,4,16,19,21,24,27,30,32,33,34,35,36,42,44,52,56,63,69,70
790,2023183,2,3,5,8,11,15,16,18,28,36,38,40,41,43,44,46,59,61,65,66
791,2023182,1,9,12,14,24,29,30,35,37,41,45,46,47,51,61,62,64,65,70,75
792,2023181,5,7,11,14,21,27,30,32,33,38,53,57,60,70,72,73,74,76,77,80
793,2023180,5,14,15,16,17,21,34,35,36,40,47,51,52,54,62,64,65,68,73,77
794,2023179,1,2,4,8,12,20,24,30,31,34,37,40,45,59,61,64,67,70,73,77
795,2023178,5,10,11,12,16,18,21,30,34,35,44,50,51,53,55,56,57,64,71,73
796,2023177,5,7,12,15,17,20,21,34,37,42,45,46,50,52,53,56,58,65,69,74
797,2023176,4,5,11,12,28,29,33,41,44,45,50,54,55,57,60,69,70,72,76,79
798,2023175,2,4,5,7,8,17,21,28,30,32,47,49,50,52,54,61,64,65,68,74
799,2023174,1,8,9,10,18,22,26,27,29,33,34,44,45,48,50,61,66,70,75,79
800,2023173,2,10,15,20,24,28,31,32,42,43,44,45,52,54,56,68,69,70,71,72
801,2023172,1,13,15,19,20,22,24,36,39,40,42,48,50,52,53,55,63,68,70,77
802,2023171,4,12,20,21,24,25,29,33,35,38,47,54,56,61,63,65,71,72,75,78
803,2023170,3,13,14,15,20,29,31,33,34,35,36,37,40,45,47,52,59,61,69,77
804,2023169,4,5,18,21,22,24,30,32,36,37,40,45,51,54,57,60,62,63,70,74
805,2023168,3,5,7,9,12,14,15,20,28,36,41,44,45,52,57,63,67,72,74,80
806,2023167,7,9,14,16,21,23,26,28,29,32,36,42,44,50,53,54,60,67,68,76
807,2023166,1,4,8,13,14,22,27,31,35,41,43,45,49,50,51,56,59,63,66,69
808,2023165,3,7,9,10,15,21,23,26,27,34,39,47,50,52,57,69,71,72,74,78
809,2023164,1,2,3,5,6,9,13,14,17,26,28,44,46,48,49,56,65,73,79,80
810,2023163,2,4,7,10,12,26,41,45,46,49,54,58,59,63,64,70,71,72,74,76
811,2023162,3,6,11,15,21,28,29,30,33,37,39,40,44,48,55,57,60,70,75,80
812,2023161,18,22,23,25,26,27,28,33,35,36,38,50,54,57,67,68,72,74,75,77
813,2023160,11,18,27,29,30,31,41,43,49,50,52,59,60,62,64,67,73,76,77,78
814,2023159,3,14,17,19,20,26,34,38,41,44,48,49,52,61,65,68,70,72,78,80
815,2023158,6,7,10,13,16,18,27,28,30,33,36,43,54,61,65,66,70,76,79,80
816,2023157,10,13,17,18,23,27,30,32,34,35,41,44,47,53,54,56,63,64,69,70
817,2023156,8,12,16,21,22,24,26,29,31,38,41,51,54,59,62,63,64,65,72,74
818,2023155,1,7,8,11,12,15,22,24,26,35,37,40,47,48,52,53,59,65,75,80
819,2023154,10,14,19,24,33,43,44,45,46,47,48,56,59,64,68,70,72,76,79,80
820,2023153,3,24,36,37,42,45,49,50,51,55,56,58,60,65,68,69,71,73,76,78
821,2023152,8,11,12,14,20,21,22,27,32,40,41,44,49,50,51,54,61,66,74,76
822,2023151,2,3,5,6,8,27,30,33,49,50,53,58,60,61,63,67,68,76,77,78
823,2023150,8,9,12,14,23,27,31,36,37,45,48,54,55,59,62,66,68,70,72,77
824,2023149,4,5,7,10,14,17,21,28,29,31,42,43,60,62,64,66,68,73,74,75
825,2023148,6,14,21,23,24,27,29,34,38,40,42,45,47,54,60,65,67,72,74,75
826,2023147,1,2,6,9,17,18,22,24,30,36,40,41,46,48,51,52,58,68,73,75
827,2023146,2,5,9,11,21,22,26,32,43,46,47,51,53,55,56,60,61,65,76,77
828,2023145,3,4,6,8,17,22,23,35,40,42,43,45,47,50,55,58,65,66,67,80
829,2023144,8,28,31,42,46,47,49,53,54,55,58,60,64,67,68,70,71,72,75,79
830,2023143,1,3,5,7,11,16,17,18,20,27,33,34,41,42,53,57,59,69,71,77
831,2023142,1,3,4,7,12,13,15,17,20,21,26,41,47,54,58,66,69,72,78,79
832,2023141,9,13,14,16,17,18,19,25,27,28,38,40,41,42,45,46,52,53,63,66
833,2023140,4,8,9,14,22,28,41,43,44,46,51,55,57,59,60,63,69,71,72,80
834,2023139,4,6,9,10,14,16,18,20,21,23,29,34,45,47,48,53,57,61,65,80
835,2023138,2,5,11,16,19,24,26,41,42,43,48,51,58,61,62,67,69,70,75,77
836,2023137,1,2,9,13,18,29,31,36,38,43,47,48,50,54,56,60,64,67,77,79
837,2023136,1,2,5,6,8,11,19,26,28,29,36,41,43,48,60,61,68,69,71,77
838,2023135,5,7,10,14,25,29,31,33,37,43,44,53,54,59,62,65,69,70,76,77
839,2023134,1,3,11,12,16,20,25,36,38,40,42,44,51,52,55,59,65,69,72,75
840,2023133,8,11,13,14,18,19,20,25,29,31,36,39,40,45,47,51,63,64,65,70
841,2023132,2,6,9,15,17,18,19,21,22,28,41,43,49,50,53,54,64,71,73,77
842,2023131,3,4,5,7,14,16,28,30,31,32,34,58,60,61,67,71,73,74,76,78
843,2023130,2,5,9,15,17,18,24,27,40,45,46,50,52,54,55,58,63,65,70,80
844,2023129,3,5,6,9,12,19,23,30,38,40,41,48,49,53,64,71,73,77,78,80
845,2023128,6,8,16,18,20,21,29,31,33,40,47,49,55,56,57,66,69,70,74,80
846,2023127,4,11,16,18,23,27,28,30,37,39,40,41,42,44,47,58,60,74,76,79
847,2023126,1,3,7,9,12,16,21,24,25,33,36,39,49,51,60,64,66,75,79,80
848,2023125,1,5,9,10,17,18,19,20,21,22,32,47,51,54,63,65,68,73,77,79
849,2023124,1,2,4,16,18,25,26,27,30,32,33,41,43,47,56,61,62,64,70,79
850,2023123,14,17,24,30,31,33,34,37,39,42,49,54,56,57,60,74,76,77,78,80
851,2023122,3,6,7,11,13,15,18,22,30,39,47,50,59,61,63,68,71,76,77,80
852,2023121,1,4,14,27,31,36,38,39,41,43,46,53,57,58,61,63,67,69,75,77
853,2023120,3,4,7,8,11,17,18,24,25,29,32,39,47,53,54,61,72,73,78,80
854,2023119,1,12,13,17,21,22,29,32,34,36,41,46,47,51,57,59,67,70,71,79
855,2023118,7,8,9,26,29,39,40,41,46,47,48,53,56,57,59,61,62,63,74,80
856,2023117,3,8,12,18,19,21,22,23,31,35,41,45,52,59,62,63,66,69,73,78
857,2023116,5,6,11,21,24,28,30,31,37,38,46,50,52,54,59,61,64,66,72,78
858,2023115,7,8,19,24,26,27,32,35,41,49,53,55,56,61,64,67,71,74,76,79
859,2023114,2,3,12,28,30,31,36,40,41,43,44,45,46,57,58,62,63,64,67,76
860,2023113,1,10,11,17,19,21,23,24,25,27,37,42,46,49,50,53,55,62,65,77
861,2023112,2,3,10,14,19,20,22,23,33,34,38,42,48,51,52,55,66,67,71,73
862,2023111,1,3,6,10,14,15,16,23,28,32,33,37,43,45,50,54,60,69,74,77
863,2023110,2,4,10,13,17,25,31,32,39,42,43,48,53,64,65,67,71,73,75,80
864,2023109,2,5,6,13,16,17,18,24,25,28,40,47,50,54,56,60,63,64,72,76
865,2023108,3,4,6,8,9,16,17,26,27,32,50,52,53,54,56,59,60,69,73,74
866,2023107,9,12,18,19,22,23,24,31,35,36,39,45,53,56,64,65,74,75,78,80
867,2023106,2,3,5,8,9,12,15,18,22,23,48,49,54,56,57,62,64,66,70,78
868,2023105,11,14,17,20,24,27,39,42,43,44,46,47,53,57,59,64,67,70,79,80
869,2023104,1,5,7,8,11,33,35,38,39,44,47,49,52,56,62,69,71,73,78,79
870,2023103,4,10,11,12,13,21,22,26,32,33,35,38,41,45,47,49,55,62,78,79
871,2023102,6,8,11,13,18,22,27,30,34,42,46,48,56,59,64,66,70,73,76,78
872,2023101,1,5,11,13,16,23,26,29,33,40,41,42,51,52,53,65,68,76,77,79
873,2023100,1,4,5,8,12,17,18,21,25,28,29,31,37,41,48,63,72,74,78,79
874,2023099,1,2,10,12,13,15,23,27,28,37,38,39,45,47,51,54,62,70,72,79
875,2023098,2,6,7,11,13,24,25,32,34,36,39,40,47,52,56,67,69,73,75,78
876,2023097,6,9,12,14,17,21,27,34,44,45,47,51,52,53,61,62,63,64,77,80
877,2023096,1,2,3,7,13,15,20,24,32,34,44,49,52,59,66,67,69,76,78,80
878,2023095,1,2,14,18,26,29,34,39,42,46,50,51,52,53,58,64,67,70,71,73
879,2023094,1,3,4,9,10,11,15,34,35,37,42,51,55,59,60,64,65,67,69,76
880,2023093,1,2,5,13,14,19,21,24,26,27,28,30,31,35,49,50,62,67,72,74
881,2023092,1,4,6,10,11,13,14,24,25,27,33,40,43,52,57,58,64,70,71,73
882,2023091,1,5,13,15,18,22,28,31,35,38,44,50,51,54,61,63,65,72,74,77
883,2023090,1,8,13,15,18,20,27,28,31,34,35,41,45,55,58,63,64,74,75,79
884,2023089,4,13,18,19,21,24,32,33,36,43,46,49,51,54,63,65,68,71,72,80
885,2023088,7,9,11,13,15,18,22,30,33,44,45,60,62,64,65,67,69,72,74,75
886,2023087,15,17,18,25,28,31,33,36,46,47,49,51,55,58,60,61,62,68,74,79
887,2023086,5,9,12,19,21,22,28,34,41,45,46,49,50,56,64,65,68,69,70,75
888,2023085,6,10,11,15,26,28,30,34,36,38,50,53,57,59,61,65,70,71,73,79
889,2023084,6,10,12,14,18,20,24,26,34,39,50,51,54,56,63,64,68,71,76,78
890,2023083,3,4,7,9,10,12,16,19,20,27,28,29,30,33,51,54,56,59,61,73
891,2023082,1,7,10,15,24,26,27,28,29,33,35,37,48,51,52,56,63,64,66,70
892,2023081,2,21,28,30,36,38,39,40,43,44,47,50,51,54,55,62,67,68,70,74
893,2023080,4,16,21,28,30,32,33,34,37,38,44,46,54,56,63,66,69,72,73,74
894,2023079,4,8,11,16,21,24,29,31,35,45,48,51,53,57,59,63,66,70,75,77
895,2023078,1,5,6,15,16,18,20,23,25,26,27,34,38,48,60,63,65,73,74,76
896,2023077,5,13,28,34,37,39,40,41,42,45,46,56,58,62,68,72,74,77,78,79
897,2023076,2,13,14,20,25,26,27,34,35,44,49,54,55,56,57,58,74,75,77,78
898,2023075,4,5,6,17,20,23,24,25,34,39,44,45,55,59,61,63,70,74,77,80
899,2023074,5,8,17,19,22,24,27,35,50,51,52,55,57,59,63,67,74,75,78,80
900,2023073,2,15,16,18,20,23,24,27,29,39,40,43,47,48,52,57,69,70,72,76
901,2023072,2,5,6,10,14,21,25,27,36,38,46,49,50,57,64,67,74,75,76,79
902,2023071,5,6,7,14,17,18,21,24,26,27,29,30,37,43,47,48,56,58,61,65
903,2023070,1,2,12,16,17,18,23,27,34,35,39,47,49,56,57,58,59,63,72,79
904,2023069,1,6,9,10,22,23,28,29,40,41,44,48,49,53,59,60,62,65,77,78
905,2023068,1,7,11,14,18,19,21,30,35,36,44,51,55,56,57,65,67,68,73,75
906,2023067,2,8,9,12,13,15,19,26,32,39,41,44,47,53,56,71,72,74,78,80
907,2023066,6,9,11,18,19,25,26,34,38,42,43,44,52,56,57,65,67,70,71,75
908,2023065,1,14,24,28,30,35,37,38,39,44,45,47,51,52,58,61,70,72,76,79
909,2023064,2,4,9,11,12,16,22,29,33,39,40,43,45,60,63,65,70,72,73,78
910,2023063,5,8,15,24,25,28,31,33,36,37,39,47,48,56,60,63,64,70,77,80
911,2023062,2,15,16,20,22,23,24,30,32,33,39,40,41,43,47,58,59,70,71,79
912,2023061,1,2,3,4,7,12,24,27,32,35,37,38,44,45,54,61,62,66,75,76
913,2023060,2,4,6,8,17,20,24,26,47,50,51,52,55,62,63,64,65,71,73,79
914,2023059,1,2,7,12,20,25,28,32,34,37,38,43,49,53,58,60,61,66,71,72
915,2023058,1,5,11,14,15,23,27,28,29,31,37,43,44,48,52,56,58,63,71,76
916,2023057,2,4,5,7,11,13,16,21,22,26,33,37,41,43,44,46,48,66,72,79
917,2023056,4,10,12,14,18,28,32,38,42,43,47,54,60,62,67,69,77,78,79,80
918,2023055,6,11,14,20,24,27,29,36,38,39,41,44,49,50,52,57,61,68,69,80
919,2023054,3,4,9,18,21,27,28,31,33,44,45,46,48,50,51,56,57,59,63,72
920,2023053,3,6,7,13,18,21,24,26,32,35,45,47,49,50,53,56,69,72,73,75
921,2023052,1,3,9,12,17,18,20,24,26,27,35,36,37,40,43,50,52,53,73,75
922,2023051,2,6,8,14,17,22,25,28,30,36,37,40,42,44,45,58,66,67,72,80
923,2023050,1,6,10,16,20,23,27,35,36,44,49,50,52,59,63,66,67,68,73,78
924,2023049,1,6,7,9,18,24,27,34,35,37,40,50,53,55,59,61,67,72,77,80
925,2023048,3,13,19,25,32,34,45,46,49,53,56,57,58,59,61,67,70,72,78,79
926,2023047,6,9,13,17,23,36,39,42,43,48,49,52,53,56,60,62,64,69,76,79
927,2023046,5,8,10,19,21,22,24,25,27,28,40,41,48,49,57,58,62,68,69,77
928,2023045,6,7,9,14,17,18,31,37,38,49,50,54,55,62,63,68,74,77,78,80
929,2023044,12,15,22,28,30,31,32,35,39,40,44,46,47,48,53,55,62,63,68,71
930,2023043,2,9,11,20,23,24,33,37,38,43,44,45,47,54,59,62,66,70,71,75
931,2023042,13,16,17,19,24,27,28,31,34,35,37,40,42,48,49,54,58,73,76,78
932,2023041,5,10,12,15,20,23,28,37,39,40,43,47,50,57,60,67,68,70,72,73
933,2023040,5,11,13,20,25,27,29,32,33,35,37,38,44,46,52,58,64,69,76,79
934,2023039,1,4,12,23,24,29,36,42,44,46,51,55,57,58,60,65,70,73,76,79
935,2023038,2,9,12,20,21,23,36,38,42,45,47,49,55,56,61,68,69,75,78,80
936,2023037,5,7,11,14,15,17,20,21,40,45,48,50,52,56,58,65,68,69,70,79
937,2023036,4,6,8,9,11,22,25,27,28,34,36,37,39,45,53,57,62,67,74,75
938,2023035,6,7,14,20,21,25,26,31,32,33,35,39,41,48,52,68,69,70,71,78
939,2023034,6,7,8,11,14,15,16,17,21,23,24,43,49,58,62,63,67,68,72,73
940,2023033,19,22,24,25,27,30,33,35,38,42,43,47,49,54,55,63,67,72,76,78
941,2023032,7,8,15,20,22,25,27,32,34,38,41,43,46,52,56,64,69,72,74,75
942,2023031,1,6,7,10,12,13,17,21,30,39,47,49,52,54,56,57,61,67,74,80
943,2023030,3,4,6,15,16,19,20,23,24,30,31,34,37,40,42,43,47,49,57,76
944,2023029,2,4,11,12,22,25,31,36,39,41,42,43,45,47,56,58,71,75,78,80
945,2023028,2,5,8,11,15,21,29,30,32,34,41,43,48,49,50,54,58,66,71,79
946,2023027,2,4,6,7,13,19,22,25,28,34,39,40,41,48,53,70,74,75,78,79
947,2023026,2,5,16,18,28,29,32,38,41,44,45,52,56,62,69,73,74,78,79,80
948,2023025,1,4,6,15,16,23,26,27,33,36,39,46,51,57,58,64,71,74,78,80
949,2023024,3,6,11,26,28,33,38,43,45,46,49,54,56,58,60,68,70,71,73,76
950,2023023,10,12,20,22,23,25,33,34,35,43,44,45,51,61,66,70,71,76,78,79
951,2023022,3,11,23,24,25,28,33,36,37,40,45,51,58,59,61,63,64,77,79,80
952,2023021,1,3,4,7,9,11,12,14,15,21,23,36,39,46,48,51,60,63,67,79
953,2023020,1,3,9,18,23,24,25,26,28,29,34,39,43,45,49,51,57,77,78,79
954,2023019,6,7,8,15,16,21,23,27,28,32,38,40,44,57,58,59,65,73,74,75
955,2023018,3,4,6,7,11,15,31,32,38,40,45,52,54,57,58,67,71,75,77,79
956,2023017,2,6,9,18,19,22,23,24,31,33,37,41,44,48,51,55,59,71,74,79
957,2023016,4,7,19,23,24,30,34,36,43,47,49,51,55,59,60,63,64,67,71,73
958,2023015,6,7,9,13,16,23,24,33,34,38,39,40,45,54,56,63,64,71,76,80
959,2023014,10,12,17,18,20,23,27,28,31,34,53,59,63,64,66,67,71,74,79,80
960,2023013,1,3,5,6,11,18,27,30,34,40,41,49,53,58,60,62,66,72,76,77
961,2023012,1,3,6,8,10,19,20,23,29,32,34,38,41,42,44,50,53,69,70,72
962,2023011,1,4,8,10,16,18,28,29,37,39,43,44,49,53,55,64,72,73,74,80
963,2023010,7,8,11,13,14,23,24,34,40,43,45,48,54,57,63,68,69,72,76,78
964,2023009,1,2,3,11,14,15,18,22,26,29,39,46,55,56,57,60,61,68,75,77
965,2023008,3,15,18,20,24,26,27,28,29,31,35,36,53,54,55,58,67,73,78,80
966,2023007,1,5,14,17,18,19,20,22,26,31,36,43,54,60,68,71,73,74,75,78
967,2023006,6,8,14,17,20,21,22,41,45,52,56,58,59,61,63,66,68,70,72,75
968,2023005,1,2,6,8,9,15,17,22,27,33,42,45,47,53,61,64,71,72,73,76
969,2023004,2,4,5,8,9,12,15,16,25,27,32,36,41,46,49,58,67,68,69,71
970,2023003,1,4,6,8,30,31,32,37,38,39,43,48,49,51,57,59,62,63,79,80
971,2023002,6,10,16,17,19,20,25,29,39,47,53,61,62,63,66,69,71,75,78,80
972,2023001,5,7,8,9,12,13,21,22,28,29,30,33,39,41,45,52,55,67,72,73
973,2022351,4,14,16,20,21,24,25,31,33,42,44,46,48,54,57,60,67,72,76,80
974,2022350,14,16,18,21,23,27,30,32,35,42,47,52,57,58,59,61,62,68,75,76
975,2022349,4,7,9,11,16,18,23,27,31,36,37,42,47,48,51,52,56,68,72,79
976,2022348,4,5,6,9,11,22,23,25,27,28,39,40,42,43,49,50,60,61,64,80
977,2022347,1,4,6,9,10,13,24,30,38,39,45,47,49,50,54,58,65,66,72,75
978,2022346,1,4,6,7,8,10,17,18,19,26,35,37,41,44,45,49,59,66,73,75
979,2022345,2,7,13,18,20,26,31,32,34,36,41,44,53,57,58,60,68,73,75,77
980,2022344,6,15,18,32,34,35,37,38,39,40,42,49,52,53,57,59,61,66,73,77
981,2022343,4,5,9,13,15,20,23,26,31,51,53,58,59,67,70,71,77,78,79,80
982,2022342,11,15,16,22,29,30,35,37,40,42,45,49,53,55,59,64,67,68,76,79
983,2022341,4,5,6,10,14,21,24,25,29,33,47,53,54,57,62,67,68,73,74,76
984,2022340,1,6,13,14,17,19,26,27,36,42,44,45,46,49,57,58,64,68,72,77
985,2022339,7,8,10,14,16,17,28,29,31,33,34,40,44,46,48,49,62,63,64,77
986,2022338,1,3,4,7,12,15,17,27,29,37,50,53,55,59,64,65,66,71,73,78
987,2022337,1,8,9,10,11,17,20,24,25,38,40,42,52,53,60,66,68,72,74,79
988,2022336,6,10,20,22,26,28,31,32,33,34,35,39,40,47,51,53,56,57,58,69
989,2022335,1,2,3,5,7,8,18,32,35,36,40,43,45,46,51,55,56,68,71,76
990,2022334,2,14,15,21,26,27,37,39,40,42,45,50,51,61,63,65,67,71,78,80
991,2022333,2,13,15,16,20,26,33,34,36,43,45,48,49,50,54,57,67,68,71,78
992,2022332,3,5,7,8,9,13,16,19,29,35,43,48,53,55,56,59,65,68,69,75
993,2022331,9,13,21,23,24,26,28,30,36,44,46,48,53,55,58,60,62,71,75,76
994,2022330,2,3,5,6,11,16,21,24,29,30,31,34,43,50,52,60,61,71,74,80
995,2022329,10,13,17,19,25,26,27,28,29,31,35,37,38,48,52,56,57,59,65,72
996,2022328,3,18,21,24,26,27,30,31,32,42,43,44,50,53,60,61,71,73,77,79
997,2022327,2,8,9,11,18,21,29,39,40,48,56,57,58,63,64,67,70,75,76,77
998,2022326,1,2,6,9,14,15,18,22,31,33,47,48,51,53,55,61,67,74,77,78
999,2022325,2,3,4,15,18,20,21,23,31,32,37,38,40,45,51,53,55,57,67,72
1000,2022324,6,7,16,17,18,20,25,34,38,46,49,52,55,56,63,64,68,69,78,79
1001,2022323,1,8,10,15,16,19,22,30,31,32,42,44,45,48,52,56,59,65,66,78
1002,2022322,4,11,13,17,19,21,24,30,32,43,44,45,50,52,62,64,69,71,73,78
1003,2022321,8,11,12,16,18,20,23,35,37,46,48,49,50,56,59,60,66,71,73,79
1004,2022320,4,5,7,8,10,13,25,26,31,35,42,59,60,63,64,66,73,74,76,78
1005,2022319,1,8,9,12,13,21,23,27,29,34,35,39,43,47,50,53,59,73,75,77
1006,2022318,2,7,8,17,20,23,35,39,42,46,47,52,53,55,58,59,61,65,67,80
1007,2022317,3,7,11,15,16,17,20,28,32,33,36,44,48,50,59,60,65,70,76,78
1008,2022316,10,12,14,16,17,22,29,30,33,34,37,41,47,51,53,63,68,73,75,78
1009,2022315,2,7,8,17,18,21,30,32,40,44,45,46,48,52,60,66,69,71,72,79
1010,2022314,7,8,9,12,13,22,27,31,33,38,42,47,51,56,59,61,62,63,76,80
1011,2022313,8,9,12,14,19,20,21,22,24,25,26,33,36,43,51,59,64,77,78,79
1012,2022312,2,3,7,21,28,31,33,34,40,42,49,54,57,62,64,69,75,76,79,80
1013,2022311,1,4,8,15,17,18,21,22,25,40,41,50,56,60,61,62,63,64,71,77
1014,2022310,2,8,14,15,16,20,25,35,39,41,44,45,52,53,58,59,63,73,74,80
1015,2022309,1,2,9,13,16,18,29,32,34,36,38,44,45,51,53,64,68,69,75,78
1016,2022308,8,12,19,24,26,35,37,38,40,41,42,45,48,51,52,58,62,67,73,74
1017,2022307,2,7,8,14,18,28,30,40,42,43,44,47,48,55,57,59,63,68,71,80
1018,2022306,3,12,14,16,22,24,27,31,32,35,45,48,58,62,64,67,71,73,74,78
1019,2022305,4,5,8,17,18,22,23,28,32,34,36,49,51,52,56,62,67,73,76,77
1020,2022304,1,2,3,4,8,10,13,14,15,17,19,38,52,53,56,58,64,65,75,78
1021,2022303,1,4,5,6,8,10,12,15,23,25,29,41,45,46,47,50,54,58,60,75
1022,2022302,4,5,16,19,24,29,30,31,33,45,46,51,53,61,64,65,66,70,71,78
1023,2022301,2,5,6,9,14,18,19,27,34,39,44,45,48,52,56,64,66,71,78,80
1024,2022300,7,15,21,23,26,27,28,30,32,36,42,44,45,48,53,64,67,76,78,80
1025,2022299,1,6,7,8,15,20,21,27,28,36,41,57,61,63,65,67,68,69,70,77
1026,2022298,2,6,8,10,12,18,21,27,33,35,37,41,47,51,52,57,61,68,69,72
1027,2022297,8,14,21,22,26,28,31,32,33,34,37,41,42,45,51,64,66,68,73,74
1028,2022296,1,3,6,8,16,22,23,30,31,32,39,42,44,53,54,64,65,70,79,80
1029,2022295,1,8,12,16,23,26,34,39,40,42,45,46,47,50,54,56,63,70,71,76
1030,2022294,5,8,12,20,25,29,35,43,44,45,48,54,56,58,59,65,69,72,73,75
1031,2022293,1,3,7,8,10,11,22,28,30,32,35,36,38,40,47,54,61,64,69,78
1032,2022292,2,3,4,8,10,12,21,25,29,32,35,37,42,45,46,48,50,56,71,76
1033,2022291,2,5,8,13,15,17,31,35,37,39,45,46,47,48,49,59,60,61,62,73
1034,2022290,4,15,17,19,21,24,37,38,41,46,48,55,56,59,60,68,71,74,77,80
1035,2022289,2,3,5,9,10,11,12,13,14,19,21,27,45,48,49,52,59,68,74,77
1036,2022288,4,6,8,15,17,18,22,26,29,31,37,38,39,43,47,49,50,58,63,65
1037,2022287,1,7,10,17,18,21,24,25,30,37,42,49,57,62,63,64,66,67,69,77
1038,2022286,1,3,5,7,15,16,18,23,29,31,40,47,48,50,54,63,64,68,69,74
1039,2022285,1,5,8,11,20,23,29,33,39,43,45,59,60,61,65,67,69,76,78,80
1040,2022284,7,11,13,15,17,20,22,31,33,34,36,37,47,53,56,60,62,63,74,77
1041,2022283,2,5,6,12,16,20,29,30,31,37,38,39,55,56,60,66,69,75,78,80
1042,2022282,11,14,16,18,23,30,32,39,41,47,48,49,50,53,58,62,64,67,72,73
1043,2022281,4,6,7,8,9,16,17,21,24,35,43,46,47,49,56,59,71,74,79,80
1044,2022280,6,9,17,19,28,33,39,45,46,51,55,57,58,62,63,66,76,77,78,79
1045,2022279,2,4,10,18,25,28,29,34,35,37,42,44,48,55,59,61,66,69,74,79
1046,2022278,8,9,11,14,23,24,29,33,40,50,55,56,60,61,62,65,66,69,72,79
1047,2022277,1,4,5,10,11,16,17,20,21,24,25,36,38,47,51,54,55,57,58,80
1048,2022276,8,17,18,23,26,29,35,36,39,40,57,61,62,65,66,68,69,72,73,79
1049,2022275,3,12,13,23,32,33,34,36,41,49,50,53,57,58,61,62,65,67,73,75
1050,2022274,1,2,5,13,17,21,24,25,26,40,43,44,50,56,60,64,67,74,76,77
1051,2022273,8,17,19,20,24,25,26,29,31,33,42,51,63,69,70,72,75,77,78,80
1052,2022272,4,10,15,18,21,25,26,27,29,31,39,42,44,46,58,60,67,68,72,80
1053,2022271,10,17,27,28,30,31,35,42,45,47,50,53,56,58,62,63,64,65,69,75
1054,2022270,2,5,9,10,21,23,24,26,32,36,41,42,54,59,60,64,65,66,68,70
1055,2022269,6,9,21,23,24,31,32,34,38,51,52,53,55,57,59,66,70,71,76,78
1056,2022268,1,2,6,14,20,31,32,34,38,39,41,43,44,50,51,52,54,67,75,80
1057,2022267,3,7,17,27,31,33,40,41,49,53,54,58,60,63,64,69,73,76,79,80
1058,2022266,1,3,13,17,21,24,29,34,37,41,45,47,51,52,55,58,59,62,71,77
1059,2022265,1,4,12,17,21,27,30,36,39,42,47,51,54,58,61,63,65,67,69,71
1060,2022264,1,8,12,16,19,22,25,31,38,45,52,60,61,68,69,70,71,76,78,80
1061,2022263,6,7,8,11,14,19,29,30,35,42,43,47,48,53,54,60,63,67,68,73
1062,2022262,2,3,4,5,12,22,24,29,41,42,44,49,52,53,56,57,68,69,74,79
1063,2022261,6,24,26,28,29,30,34,36,45,47,52,54,57,59,64,66,67,73,75,78
1064,2022260,1,8,9,12,14,18,19,20,24,28,36,39,43,49,54,59,61,62,68,76
1065,2022259,1,2,4,5,6,8,13,18,20,28,41,51,53,56,57,62,65,68,71,80
1066,2022258,2,3,8,14,15,22,24,25,40,43,44,46,47,50,57,61,64,69,73,79
1067,2022257,3,13,18,23,24,27,28,29,36,40,44,50,52,53,54,57,59,60,70,79
1068,2022256,4,12,13,17,18,21,23,24,31,37,39,42,43,51,54,57,61,62,63,70
1069,2022255,2,10,14,17,22,23,25,28,37,39,45,46,49,53,60,63,64,72,73,78
1070,2022254,2,11,20,26,27,28,31,39,45,49,50,51,54,56,66,67,69,70,75,80
1071,2022253,4,8,12,15,16,20,25,44,46,51,55,56,58,61,62,66,71,74,77,78
1072,2022252,6,15,16,17,28,29,31,32,40,42,44,45,46,51,52,57,65,66,68,69
1073,2022251,2,5,6,7,12,15,18,24,34,37,39,40,48,50,56,61,69,71,74,80
1074,2022250,5,8,11,16,17,19,20,22,23,32,36,38,40,46,49,56,57,61,69,76
1075,2022249,7,12,13,14,18,20,21,25,29,36,38,50,56,63,66,68,71,72,73,79
1076,2022248,1,2,4,8,23,25,26,28,30,32,34,36,41,44,48,49,58,63,65,78
1077,2022247,3,5,13,14,26,27,31,33,37,38,39,40,43,52,61,63,71,74,75,78
1078,2022246,2,3,11,13,18,22,25,26,32,35,41,47,61,62,65,68,70,72,74,78
1079,2022245,4,5,22,24,27,28,33,41,43,49,52,54,61,63,68,69,72,73,76,80
1080,2022244,3,6,7,15,30,35,36,37,42,46,47,51,55,59,61,62,70,71,73,79
1081,2022243,3,4,6,15,20,24,27,28,30,32,35,46,48,51,56,59,66,68,75,79
1082,2022242,1,6,12,14,16,19,24,26,28,33,36,42,47,51,57,58,59,65,70,78
1083,2022241,2,3,5,8,11,15,21,23,24,26,29,41,44,48,50,52,54,55,57,80
1084,2022240,9,13,18,19,23,24,25,26,33,34,37,42,44,47,52,61,66,67,71,74
1085,2022239,6,9,10,18,21,35,37,43,47,50,52,59,62,66,70,71,73,75,78,80
1086,2022238,5,7,12,13,24,28,40,42,47,49,52,53,55,58,61,64,65,66,67,70
1087,2022237,1,5,10,13,15,20,21,25,27,28,34,41,43,45,50,56,62,63,65,69
1088,2022236,3,5,6,8,10,20,24,34,39,40,48,54,55,57,61,68,69,70,71,77
1089,2022235,4,13,19,27,29,30,37,49,50,58,63,64,66,69,71,72,73,74,78,79
1090,2022234,5,6,12,16,24,32,35,36,38,45,47,55,57,59,61,63,68,74,78,80
1091,2022233,2,5,7,8,12,18,22,24,27,29,33,38,39,40,53,54,55,70,73,79
1092,2022232,3,4,8,9,13,21,23,30,33,36,43,49,51,63,70,71,73,76,77,78
1093,2022231,5,7,11,13,14,19,22,28,29,30,31,32,33,39,53,54,58,61,65,70
1094,2022230,1,15,16,20,24,28,30,32,34,38,43,47,56,61,63,65,68,76,79,80
1095,2022229,4,6,16,22,23,24,27,29,31,33,37,44,47,48,51,53,57,63,75,77
1096,2022228,6,13,17,18,30,31,34,35,36,44,48,49,54,55,56,57,60,61,65,70
1097,2022227,5,6,7,15,16,24,27,33,34,35,39,41,44,45,47,50,55,56,78,79
1098,2022226,1,2,7,10,14,15,16,21,26,32,34,37,38,39,46,52,58,63,65,73
1099,2022225,2,4,9,10,13,18,19,23,26,34,41,46,51,53,59,62,64,65,70,75
1100,2022224,4,15,20,22,24,25,29,31,33,35,37,40,42,44,46,50,55,59,63,72
1101,2022223,1,5,15,16,25,27,31,33,37,39,44,47,56,57,58,59,62,67,72,75
1102,2022222,4,9,12,16,18,22,29,33,39,42,44,46,47,49,51,65,68,73,76,80
1103,2022221,2,3,6,10,11,17,32,47,57,61,66,67,68,70,71,75,76,78,79,80
1104,2022220,3,8,11,12,15,16,18,23,29,33,36,37,41,43,44,47,48,50,53,70
1105,2022219,6,11,15,18,19,22,25,35,39,45,50,55,57,58,64,66,68,72,73,76
1106,2022218,2,3,7,9,15,16,18,29,33,34,39,44,48,55,56,59,61,65,71,72
1107,2022217,7,9,12,15,17,21,28,29,30,36,48,52,55,57,58,61,72,73,78,80
1108,2022216,1,5,21,22,26,30,32,47,53,56,59,63,65,66,68,70,71,74,75,80
1109,2022215,10,12,15,17,19,21,26,34,37,39,48,53,55,66,68,69,74,75,76,79
1110,2022214,1,4,5,20,21,26,28,29,38,41,46,47,48,50,58,59,67,69,75,80
1111,2022213,1,4,8,9,14,17,22,27,28,37,38,50,55,59,64,66,69,73,78,79
1112,2022212,3,4,5,8,15,19,25,27,35,36,38,39,41,58,60,64,68,74,76,77
1113,2022211,10,11,12,16,18,19,25,27,28,34,38,45,50,53,55,57,65,72,74,80
1114,2022210,3,8,12,13,14,18,19,20,27,29,32,36,52,55,56,58,66,73,78,79
1115,2022209,2,3,4,8,18,19,23,25,26,42,44,47,49,53,59,63,66,72,73,75
1116,2022208,2,4,5,9,14,23,24,25,26,33,35,41,42,43,52,54,62,63,64,74
1117,2022207,8,10,12,16,19,28,32,34,35,36,41,42,43,47,49,54,56,64,69,80
1118,2022206,3,5,9,16,19,23,28,31,32,35,36,38,41,42,48,49,52,56,64,80
1119,2022205,6,11,12,17,21,24,28,29,39,41,43,47,51,53,59,63,66,69,70,76
1120,2022204,5,6,12,21,22,26,27,29,30,37,39,41,43,48,49,50,51,62,74,76
1121,2022203,1,3,4,7,9,12,15,17,19,21,28,33,41,42,45,46,47,57,63,77
1122,2022202,1,5,8,10,12,14,15,17,25,35,38,40,46,48,54,55,57,60,68,79
1123,2022201,1,2,4,8,12,15,25,26,28,31,34,36,39,42,44,47,62,66,77,79
1124,2022200,5,7,12,14,19,21,22,26,30,33,38,42,44,59,64,65,70,71,75,79
1125,2022199,1,7,11,13,14,15,23,27,28,40,43,48,54,55,61,68,69,70,78,80
1126,2022198,14,15,17,18,19,20,26,28,34,45,47,50,51,64,66,69,73,75,77,80
1127,2022197,2,3,7,13,17,19,21,37,40,43,51,52,58,63,64,65,68,69,77,78
1128,2022196,1,5,7,8,11,12,17,21,23,27,36,53,56,57,63,64,70,72,77,78
1129,2022195,1,2,4,7,14,20,23,24,28,34,50,51,53,54,60,65,67,74,79,80
1130,2022194,3,4,8,15,21,26,31,35,46,48,53,54,61,64,66,69,72,74,75,76
1131,2022193,1,17,19,21,28,29,32,34,40,42,44,47,49,53,58,63,64,66,73,74
1132,2022192,1,13,19,22,25,33,34,41,46,49,51,53,58,60,62,66,69,74,78,80
1133,2022191,6,7,9,22,23,24,35,42,43,44,47,49,52,53,64,66,68,71,74,78
1134,2022190,2,4,5,13,16,20,28,29,32,34,35,36,38,43,51,53,55,59,61,65
1135,2022189,2,9,15,18,20,21,24,25,28,37,39,53,57,62,64,65,71,73,78,80
1136,2022188,6,10,14,15,25,29,37,44,45,47,50,55,58,60,62,63,64,68,70,79
1137,2022187,2,3,4,10,11,15,20,35,38,54,57,58,59,60,63,69,70,72,76,77
1138,2022186,6,9,11,13,14,18,25,30,31,40,47,49,51,57,61,62,63,66,75,80
1139,2022185,1,14,16,19,24,25,34,38,39,47,52,58,60,61,62,68,70,71,72,75
1140,2022184,3,7,12,27,30,31,33,36,39,42,45,48,52,58,59,63,70,72,76,78
1141,2022183,2,7,10,12,14,27,31,40,45,49,51,53,59,62,64,66,68,70,74,80
1142,2022182,2,3,8,9,15,17,21,24,35,36,38,44,46,52,55,64,67,77,78,79
1143,2022181,1,11,13,15,23,26,27,30,37,40,45,46,49,52,54,58,67,69,75,77
1144,2022180,1,2,6,7,9,19,23,33,36,40,43,45,50,52,55,57,65,68,73,75
1145,2022179,4,5,7,8,11,15,16,18,24,30,50,55,57,58,61,69,70,71,78,80
1146,2022178,1,4,5,13,15,23,24,25,31,41,42,44,49,51,52,53,56,63,71,72
1147,2022177,8,9,10,18,29,32,34,39,40,41,44,45,46,49,50,59,68,72,73,80
1148,2022176,3,9,10,16,20,25,30,36,37,40,44,57,58,60,68,69,72,77,78,80
1149,2022175,3,5,17,19,22,25,26,39,41,46,50,53,54,57,60,65,69,70,76,78
1150,2022174,1,2,5,12,16,21,22,40,43,49,52,56,61,64,65,70,72,73,79,80
1151,2022173,6,7,18,22,27,29,41,42,44,49,52,54,58,61,66,73,74,75,76,80
1152,2022172,3,6,8,13,15,20,31,34,38,39,43,44,55,57,61,63,71,76,77,78
1153,2022171,2,6,8,9,14,15,17,18,22,28,34,42,46,47,51,58,60,61,65,78
1154,2022170,3,4,6,19,22,27,28,29,35,36,40,43,44,49,51,58,73,75,76,78
1155,2022169,7,14,19,20,27,32,41,43,49,54,55,57,63,64,66,67,73,77,78,79
1156,2022168,3,4,11,16,19,27,29,35,40,42,49,50,54,62,63,72,74,75,79,80
1157,2022167,4,5,12,18,22,29,40,44,45,47,48,51,54,60,63,64,66,67,73,74
1158,2022166,3,9,12,15,16,17,19,20,25,27,30,33,38,42,44,52,57,59,66,69
1159,2022165,2,6,10,11,14,16,20,35,38,43,45,47,51,53,58,59,61,76,77,80
1160,2022164,3,5,13,14,26,33,38,42,44,46,47,48,49,53,56,63,67,69,73,75
1161,2022163,11,12,16,17,18,23,26,29,30,33,34,45,51,57,58,59,60,63,65,80
1162,2022162,4,5,15,21,24,30,43,47,49,50,52,55,59,60,63,65,70,71,74,79
1163,2022161,5,6,13,14,16,17,18,20,22,25,32,45,47,51,61,67,73,76,77,79
1164,2022160,13,14,18,20,23,24,33,34,42,47,50,51,56,58,60,62,63,65,68,75
1165,2022159,5,6,7,11,12,15,16,17,19,26,38,46,51,52,55,61,64,71,77,78
1166,2022158,2,9,11,13,16,23,26,27,28,35,39,40,45,46,49,51,61,63,71,75
1167,2022157,9,10,12,22,25,27,30,31,44,48,50,55,56,63,64,65,66,70,71,79
1168,2022156,3,4,8,9,19,22,33,38,40,41,43,46,51,60,65,66,67,68,69,72
1169,2022155,8,11,12,16,19,29,38,44,46,48,49,50,56,57,65,67,70,71,72,80
1170,2022154,1,8,10,11,15,17,30,32,36,47,49,54,56,57,58,71,75,77,79,80
1171,2022153,14,22,27,32,33,36,38,39,49,52,57,58,60,61,63,66,68,73,74,75
1172,2022152,7,11,18,19,20,22,24,29,31,32,41,45,47,49,58,63,66,67,70,78
1173,2022151,4,12,13,17,18,23,26,27,32,34,42,45,49,50,52,54,57,58,66,71
1174,2022150,2,8,12,17,21,33,34,36,40,45,46,47,57,58,59,61,62,63,68,73
1175,2022149,9,11,13,15,18,19,20,22,26,29,35,38,39,52,55,68,76,78,79,80
1176,2022148,2,4,8,21,22,25,28,35,37,39,46,52,60,62,63,66,67,72,78,80
1177,2022147,4,5,11,15,18,19,21,23,35,39,40,46,48,56,62,64,67,70,75,76
1178,2022146,3,11,17,19,20,24,26,27,33,38,41,42,44,47,52,64,69,71,72,76
1179,2022145,1,12,14,20,24,29,32,33,34,35,36,43,50,65,68,69,72,75,76,78
1180,2022144,2,3,6,7,11,12,17,25,26,28,35,46,57,64,65,69,70,74,77,80
1181,2022143,7,9,11,25,32,37,38,40,42,44,45,56,63,64,66,67,68,71,76,77
1182,2022142,1,3,8,11,14,21,25,32,40,46,48,49,52,54,60,64,75,76,77,78
1183,2022141,2,10,11,12,13,15,17,20,28,30,35,38,47,51,52,56,66,69,73,80
1184,2022140,1,2,10,18,19,20,21,25,27,28,31,32,34,37,40,41,57,71,75,80
1185,2022139,1,3,7,18,24,30,36,42,43,50,52,53,54,59,60,62,66,71,73,74
1186,2022138,1,3,5,10,11,13,14,16,20,25,31,35,39,41,42,54,60,62,65,78
1187,2022137,6,20,26,34,35,36,41,42,45,48,50,53,58,59,61,63,64,70,74,78
1188,2022136,3,11,19,20,22,30,32,38,40,48,49,54,58,60,63,67,73,74,77,80
1189,2022135,3,4,5,6,9,10,14,16,20,23,25,44,49,50,55,57,58,68,76,78
1190,2022134,7,10,13,19,22,26,29,31,36,38,43,44,50,53,56,57,60,61,74,80
1191,2022133,3,6,16,17,23,27,29,30,38,40,41,46,48,53,58,60,62,63,66,69
1192,2022132,1,3,16,26,29,32,35,36,39,45,59,61,64,66,67,69,72,73,75,77
1193,2022131,3,5,7,9,12,15,23,26,36,39,42,51,53,55,57,62,64,67,72,75
1194,2022130,2,4,7,14,15,22,24,27,28,38,39,40,50,52,53,56,58,64,70,71
1195,2022129,5,8,10,11,17,18,23,24,31,32,36,41,48,49,65,66,71,74,77,79
1196,2022128,2,3,8,10,11,14,16,17,19,21,35,36,40,47,52,58,63,65,67,76
1197,2022127,3,5,13,23,28,32,35,36,37,40,53,62,63,66,72,73,74,76,77,79
1198,2022126,2,4,6,10,13,22,26,31,41,49,51,59,62,64,66,70,71,73,76,79
1199,2022125,3,6,11,15,16,23,27,29,30,39,42,44,57,66,72,75,76,78,79,80
1200,2022124,3,10,17,18,19,20,31,33,38,46,52,53,54,55,59,60,65,66,79,80
1201,2022123,14,17,23,26,28,32,33,34,37,46,49,58,60,64,68,71,72,73,74,79
1202,2022122,2,4,11,12,13,15,24,28,37,43,51,53,55,57,65,70,71,73,74,78
1203,2022121,1,4,7,13,15,19,22,26,30,32,33,39,40,56,62,64,71,72,75,78
1204,2022120,2,10,18,20,23,25,26,30,37,38,40,41,43,57,62,63,70,75,76,77
1205,2022119,5,6,10,13,14,15,16,24,27,32,35,37,39,46,50,55,60,64,72,80
1206,2022118,4,7,8,12,16,19,27,28,37,38,40,41,46,51,52,53,60,65,70,78
1207,2022117,2,3,12,14,17,18,27,31,32,36,37,45,51,52,53,61,70,71,73,77
1208,2022116,1,2,6,12,13,18,37,40,44,48,49,51,59,61,65,66,73,76,78,79
1209,2022115,2,4,6,8,10,12,15,20,21,24,30,41,47,48,50,58,62,68,71,79
1210,2022114,5,8,13,15,17,20,30,32,36,43,49,51,52,56,59,60,66,68,76,80
1211,2022113,3,8,10,12,16,17,18,24,28,31,35,38,40,48,54,56,65,68,70,73
1212,2022112,5,8,11,19,32,36,37,38,40,42,43,50,56,61,62,63,64,70,71,77
1213,2022111,4,6,7,15,18,26,29,36,43,45,46,50,62,64,66,68,70,74,76,78
1214,2022110,4,9,10,17,19,21,23,24,32,34,35,38,39,40,52,53,54,66,68,76
1215,2022109,3,6,13,14,16,23,27,28,34,42,44,46,47,53,54,61,62,72,77,79
1216,2022108,1,2,6,8,16,17,22,24,26,34,36,40,42,43,52,53,58,67,71,76
1217,2022107,1,2,5,7,9,21,22,23,27,29,30,35,47,48,60,61,68,76,78,80
1218,2022106,14,17,18,23,30,31,37,40,42,48,49,52,53,55,57,60,64,76,77,80
1219,2022105,1,6,9,10,12,28,30,37,43,45,59,60,61,63,66,67,68,70,77,79
1220,2022104,3,5,7,8,9,14,18,19,24,26,27,41,53,56,57,59,63,66,73,75
1221,2022103,1,3,10,17,19,21,26,27,32,36,39,41,53,56,67,69,72,75,76,78
1222,2022102,2,5,7,10,13,18,19,20,25,32,36,52,53,54,64,66,68,74,76,80
1223,2022101,1,2,5,12,17,19,25,27,30,32,36,38,40,49,50,65,68,69,77,80
1224,2022100,5,10,14,21,24,27,30,33,42,43,44,46,49,52,53,60,66,77,78,79
1225,2022099,1,3,4,5,8,10,19,26,31,37,38,47,51,55,62,64,66,70,74,80
1226,2022098,19,21,23,25,26,41,42,47,49,52,53,55,63,64,66,71,73,77,78,79
1227,2022097,1,6,16,24,25,30,36,37,39,41,45,46,48,53,62,65,70,77,78,79
1228,2022096,5,15,16,19,20,22,27,33,34,35,36,39,42,43,46,49,67,69,75,79
1229,2022095,1,5,8,10,14,26,27,29,32,47,48,50,57,58,61,65,66,68,71,73
1230,2022094,7,9,11,17,23,24,28,38,39,41,42,44,51,55,68,70,71,73,77,80
1231,2022093,1,4,6,10,15,19,25,37,39,43,47,48,52,54,62,63,67,69,71,77
1232,2022092,7,11,14,16,21,24,26,29,31,36,41,42,44,50,51,59,64,76,77,79
1233,2022091,5,7,16,17,18,19,29,31,32,39,41,45,46,48,52,57,63,70,72,79
1234,2022090,5,14,15,16,20,26,31,34,35,36,40,52,54,57,58,60,65,71,72,79
1235,2022089,3,10,14,23,25,31,34,46,48,52,55,57,58,61,64,71,74,76,79,80
1236,2022088,1,12,13,14,15,16,17,28,30,39,43,54,55,58,59,66,71,74,75,76
1237,2022087,7,9,10,13,18,19,20,22,31,34,44,51,52,54,59,73,74,76,78,79
1238,2022086,6,7,8,11,12,14,26,33,36,40,42,45,47,49,50,53,57,62,66,67
1239,2022085,2,3,19,33,43,46,47,52,57,59,60,64,67,69,71,73,76,77,78,80
1240,2022084,1,7,8,12,13,14,17,22,29,43,47,50,52,56,57,60,65,66,73,75
1241,2022083,6,7,10,11,13,15,21,24,36,38,39,43,44,55,59,62,67,71,76,78
1242,2022082,4,11,14,20,23,30,32,34,36,40,41,49,52,53,57,59,60,64,69,78
1243,2022081,3,9,10,15,25,30,35,36,37,40,41,43,44,52,54,68,70,74,75,80
1244,2022080,1,4,17,24,27,28,36,38,39,40,43,44,47,48,51,52,54,63,67,71
1245,2022079,1,11,17,18,21,23,26,34,36,47,50,51,53,56,61,63,64,71,72,78
1246,2022078,1,5,8,17,18,21,23,24,25,31,34,37,41,53,62,63,66,69,77,78
1247,2022077,1,2,3,9,19,23,30,32,34,37,41,45,48,49,54,58,64,69,75,78
1248,2022076,1,8,12,25,26,27,28,29,31,34,36,47,54,59,60,64,67,70,73,78
1249,2022075,5,6,11,12,18,21,25,26,32,33,36,37,45,48,51,52,54,65,75,79
1250,2022074,2,23,25,26,27,29,31,36,37,40,41,46,48,56,61,62,64,65,67,71
1251,2022073,5,7,10,11,12,14,23,24,32,42,46,47,50,59,60,61,63,74,77,78
1252,2022072,3,5,8,15,16,18,25,26,27,32,41,46,53,57,59,60,63,64,66,75
1253,2022071,14,18,21,22,27,34,38,42,43,44,48,52,53,54,60,68,69,70,74,75
1254,2022070,3,7,9,16,19,24,26,27,29,32,41,42,44,48,52,53,54,60,64,75
1255,2022069,3,12,18,26,29,31,36,44,45,46,49,58,59,62,65,68,69,70,71,78
1256,2022068,3,10,14,18,20,24,28,34,42,43,46,47,49,50,54,55,62,69,71,77
1257,2022067,2,4,7,8,14,19,20,28,33,34,35,40,50,52,64,68,71,72,75,77
1258,2022066,8,11,21,23,25,26,29,30,34,38,39,41,47,48,50,52,55,57,62,69
1259,2022065,2,4,11,12,13,17,20,26,28,35,37,48,53,58,59,61,69,71,72,79
1260,2022064,1,5,7,16,18,20,21,31,34,36,46,49,51,54,60,64,66,69,73,75
1261,2022063,9,10,17,20,21,24,25,34,35,41,42,45,50,51,53,59,64,67,73,80
1262,2022062,2,12,15,20,21,24,25,26,27,30,39,42,50,53,64,67,71,73,74,77
1263,2022061,2,10,13,14,20,28,30,32,36,37,38,41,46,52,58,62,69,74,77,80
1264,2022060,2,6,11,14,17,26,28,29,30,38,40,41,42,43,51,52,56,68,70,77
1265,2022059,1,4,12,13,19,28,30,34,35,37,39,42,46,49,55,61,64,67,68,79
1266,2022058,1,3,4,5,6,10,12,18,20,21,27,33,42,49,52,68,72,73,75,77
1267,2022057,8,12,17,19,20,24,28,34,38,41,45,52,56,57,60,64,66,69,71,75
1268,2022056,2,4,9,11,13,17,19,23,29,30,34,37,38,43,47,51,69,77,79,80
1269,2022055,1,6,17,19,32,36,37,39,46,48,50,52,53,55,63,65,66,70,74,75
1270,2022054,3,4,8,12,15,16,19,20,31,36,44,48,50,51,54,59,65,73,76,77
1271,2022053,1,3,9,13,14,21,22,25,30,37,38,39,49,50,54,58,63,65,68,78
1272,2022052,3,6,7,12,14,16,19,24,38,44,51,54,55,62,65,68,71,77,79,80
1273,2022051,3,5,6,21,23,24,28,29,32,43,44,45,49,53,57,58,72,73,76,78
1274,2022050,4,7,15,23,27,28,31,34,36,45,48,55,59,61,62,63,71,72,75,78
1275,2022049,3,6,7,14,23,24,26,38,48,49,50,53,54,59,62,63,65,72,76,80
1276,2022048,2,8,16,17,21,24,28,34,35,37,41,49,50,53,59,61,65,69,73,78
1277,2022047,3,4,8,12,21,22,27,29,33,36,41,48,53,54,56,66,67,71,72,78
1278,2022046,10,12,15,18,19,21,23,27,31,40,42,48,52,57,61,65,72,74,79,80
1279,2022045,4,9,10,15,18,19,23,30,34,38,41,46,50,51,56,58,66,69,71,74
1280,2022044,3,4,5,8,10,14,22,27,32,37,45,50,52,53,54,55,59,60,61,77
1281,2022043,3,15,16,20,23,25,27,29,35,37,43,51,53,54,61,63,64,71,75,77
1282,2022042,15,16,17,21,24,35,38,40,41,49,51,56,57,61,62,65,67,72,75,79
1283,2022041,1,6,19,21,43,44,46,48,49,51,54,59,61,62,63,66,69,75,76,78
1284,2022040,1,3,10,14,17,21,27,32,47,48,53,56,57,61,63,67,69,73,78,79
1285,2022039,2,4,12,14,15,20,22,28,31,37,41,45,49,55,64,66,74,77,79,80
1286,2022038,3,8,9,12,22,24,25,28,32,33,35,40,52,53,60,62,66,69,70,78
1287,2022037,7,10,11,12,13,15,37,40,42,45,47,51,55,56,57,64,69,72,74,76
1288,2022036,1,2,6,10,13,16,17,18,23,28,29,37,50,53,54,58,64,70,73,74
1289,2022035,10,26,31,34,36,39,40,41,44,45,47,50,52,55,56,58,61,62,68,78
1290,2022034,3,7,11,12,13,14,15,20,29,33,41,43,46,49,52,54,55,68,79,80
1291,2022033,2,4,8,14,17,19,24,32,37,39,49,50,53,56,57,61,62,68,72,78
1292,2022032,3,6,10,20,22,23,25,28,33,35,39,47,56,60,64,66,68,69,75,79
1293,2022031,3,4,5,7,8,21,36,37,44,49,50,51,52,55,56,59,60,61,62,65
1294,2022030,3,11,12,18,26,27,30,32,39,40,43,44,45,46,52,55,56,57,62,65
1295,2022029,2,9,16,24,30,34,35,42,45,51,54,62,63,65,67,72,73,77,79,80
1296,2022028,2,3,5,8,9,12,16,27,36,41,42,44,45,47,48,62,76,77,78,80
1297,2022027,5,9,12,15,16,17,31,32,43,44,47,51,52,53,62,67,69,70,73,75
1298,2022026,5,9,10,14,16,24,25,30,32,45,49,54,59,60,62,66,67,71,75,78
1299,2022025,1,5,12,13,16,18,21,40,41,44,47,48,50,54,55,59,64,66,68,77
1300,2022024,1,3,7,9,10,21,27,37,38,44,49,59,62,64,66,72,73,75,78,79
1301,2022023,1,4,5,8,12,15,22,29,32,35,44,49,51,52,59,60,64,71,78,79
1302,2022022,2,5,11,16,36,37,38,40,42,50,51,58,59,61,65,67,74,75,78,79
1303,2022021,3,4,6,7,12,16,25,28,31,35,37,38,49,50,51,60,65,72,76,79
1304,2022020,10,12,17,30,32,34,43,46,47,49,50,55,56,61,63,67,68,70,73,80
1305,2022019,2,3,5,7,14,15,16,28,33,38,39,46,48,62,65,66,67,70,77,80
1306,2022018,2,3,12,15,18,19,24,30,37,44,48,50,51,53,54,55,56,60,67,68
1307,2022017,17,19,22,23,24,36,39,40,41,45,49,51,53,59,60,63,68,72,73,77
1308,2022016,1,4,5,7,8,11,12,17,18,22,28,44,53,54,56,62,64,74,77,80
1309,2022015,6,9,18,19,21,24,26,28,29,51,55,56,57,58,62,63,65,68,71,76
1310,2022014,7,8,10,12,14,17,18,24,39,40,42,43,55,65,66,67,68,71,72,73
1311,2022013,4,5,14,21,24,25,26,29,33,35,39,40,41,50,55,59,65,70,78,80
1312,2022012,5,7,10,16,23,25,28,29,30,35,45,50,51,54,55,58,61,62,63,69
1313,2022011,3,6,7,8,13,15,17,18,21,28,37,41,47,48,50,61,67,69,70,77
1314,2022010,3,7,12,21,24,25,29,38,44,47,48,49,52,54,61,69,73,77,78,80
1315,2022009,3,4,10,12,13,15,18,24,33,44,45,52,55,57,60,61,62,67,70,75
1316,2022008,3,5,8,13,20,21,29,30,32,36,39,40,54,55,56,61,63,67,70,80
1317,2022007,3,9,15,22,28,29,32,33,39,44,46,54,58,59,61,64,67,69,72,77
1318,2022006,4,7,13,14,15,25,27,30,32,33,35,40,42,44,45,52,56,57,59,61
1319,2022005,1,3,6,11,16,17,20,23,32,34,39,44,49,54,57,66,69,73,74,78
1320,2022004,11,13,19,21,23,30,32,34,35,36,42,45,54,55,58,60,67,72,74,76
1321,2022003,4,5,8,11,14,16,18,23,27,28,31,41,44,49,52,60,61,63,70,78
1322,2022002,2,4,13,18,21,22,25,43,50,52,54,55,57,63,65,66,68,74,75,78
1323,2022001,5,8,16,17,21,30,31,33,34,43,50,51,53,56,61,62,65,74,77,80
1324,2021351,5,7,11,13,14,15,18,23,27,29,33,34,36,37,45,48,60,67,70,75
1325,2021350,6,10,12,13,16,18,22,23,24,34,35,41,43,44,50,54,60,76,77,80
1326,2021349,4,6,19,23,29,30,33,42,44,45,47,53,56,60,63,64,71,72,76,79
1327,2021348,3,6,11,12,18,20,25,26,34,37,42,48,59,66,67,68,70,73,75,77
1328,2021347,7,15,18,23,24,26,31,34,40,41,43,50,51,52,54,55,60,69,71,77
1329,2021346,6,14,18,19,24,25,28,29,30,37,40,42,48,50,53,58,59,66,69,75
1330,2021345,5,6,7,10,11,20,22,24,31,35,38,40,50,52,60,63,66,72,74,75
1331,2021344,6,9,14,16,19,25,28,36,38,41,42,44,48,49,50,58,61,65,72,77
1332,2021343,13,15,21,25,30,32,35,43,45,46,48,54,55,60,62,63,66,67,77,78
1333,2021342,1,3,6,8,22,27,33,37,40,42,45,48,57,58,62,63,64,65,70,73
1334,2021341,2,3,8,14,16,28,32,34,38,39,44,46,48,54,57,67,71,73,74,80
1335,2021340,1,2,3,4,7,9,12,14,15,16,18,20,28,31,44,53,55,57,65,67
1336,2021339,1,4,8,16,19,23,27,29,30,39,44,46,49,62,64,65,67,70,75,77
1337,2021338,8,9,16,23,25,31,32,37,38,44,48,52,56,58,60,65,68,69,70,77
1338,2021337,4,13,16,19,21,24,25,27,31,33,36,37,45,53,56,60,62,65,71,79
1339,2021336,1,2,3,14,21,23,24,26,28,29,40,41,49,51,52,56,58,60,66,73
1340,2021335,4,9,13,15,16,18,20,29,35,41,43,44,47,52,54,59,61,65,71,72
1341,2021334,6,7,11,12,14,15,17,22,25,28,31,32,36,42,47,48,57,62,73,74
1342,2021333,2,3,4,9,18,20,23,28,42,46,47,50,51,52,56,59,62,63,70,72
1343,2021332,1,4,5,7,9,11,15,23,26,39,42,58,59,62,64,66,68,69,73,74
1344,2021331,4,5,10,12,13,18,21,23,27,38,41,48,49,55,56,57,59,69,70,71
1345,2021330,4,5,8,21,22,31,34,38,41,45,55,58,61,62,64,65,69,71,74,78
1346,2021329,5,12,15,17,25,26,29,30,38,42,49,53,56,58,59,62,64,71,74,77
1347,2021328,10,11,12,16,22,26,27,28,29,32,40,50,52,54,62,64,69,70,75,78
1348,2021327,2,3,6,7,12,13,19,23,26,28,30,35,37,43,44,47,54,70,73,74
1349,2021326,1,9,10,34,37,40,41,43,48,52,53,54,57,59,63,68,69,71,75,77
1350,2021325,1,2,10,16,27,32,42,43,44,47,52,55,56,58,60,64,65,66,68,77
1351,2021324,3,10,17,22,23,29,30,35,54,56,57,59,60,61,65,66,70,71,72,73
1352,2021323,2,7,8,13,26,27,28,34,42,52,53,54,55,56,59,60,62,66,67,72
1353,2021322,1,2,9,13,15,21,23,37,43,45,50,53,54,58,65,66,68,73,74,75
1354,2021321,8,12,24,27,30,33,34,35,37,40,43,44,56,57,60,67,69,72,73,79
1355,2021320,8,10,15,22,25,26,29,32,34,39,45,46,50,52,55,56,62,63,66,69
1356,2021319,3,4,12,16,17,20,23,34,40,45,48,49,51,56,64,73,75,77,78,80
1357,2021318,1,9,13,20,21,25,30,37,42,44,49,53,54,55,56,57,66,67,70,77
1358,2021317,11,12,13,14,16,17,21,23,25,27,39,43,51,53,56,61,62,63,66,73
1359,2021316,6,7,9,14,16,20,27,33,38,44,51,63,64,65,69,73,76,78,79,80
1360,2021315,5,14,15,28,29,31,35,39,48,57,59,60,61,63,64,67,72,75,78,80
1361,2021314,1,16,22,23,25,29,32,41,43,44,50,51,54,63,65,66,71,72,73,75
1362,2021313,1,2,6,12,13,15,16,19,25,29,45,49,50,53,55,60,64,68,69,79
